"cpue.est","year","doy"
0.286585815671433,"2001",90
0.264486461397473,"2001",92
0.247443251984213,"2001",94
0.234957682499004,"2001",96
0.225540707295868,"2001",98
0.219745204063296,"2001",100
0.216451776846945,"2001",102
0.216628789241057,"2001",104
0.220133622402677,"2001",106
0.22676271098793,"2001",108
0.235575484771528,"2001",110
0.2464875228027,"2001",112
0.259290871858237,"2001",114
0.271016467865767,"2001",116
0.281180943034609,"2001",118
0.290395947273206,"2001",120
0.301480022896513,"2001",122
0.314042355778434,"2001",124
0.321528275811311,"2001",126
0.317696456757473,"2001",128
0.309964962737618,"2001",130
0.309741566970355,"2001",132
0.315722872841949,"2001",133
0.326937716216566,"2001",134
0.343950114822097,"2001",135
0.366309193743926,"2001",136
0.392974750735165,"2001",137
0.422443141878421,"2001",138
0.45295218529074,"2001",139
0.482272941384265,"2001",140
0.508931355810367,"2001",141
0.533288861560771,"2001",142
0.556612708065264,"2001",143
0.581349250676011,"2001",144
0.610941744330034,"2001",145
0.647604432108993,"2001",146
0.692284405547132,"2001",147
0.745250016437813,"2001",148
0.805766364121607,"2001",149
0.871670212152505,"2001",150
0.941531529545001,"2001",151
1.01294040821827,"2001",152
1.08403312688212,"2001",153
1.15223017322049,"2001",154
1.21583957779177,"2001",155
1.27628863884774,"2001",156
1.33810926299979,"2001",157
1.40539172592993,"2001",158
1.4801152160717,"2001",159
1.56335576487053,"2001",160
1.65766513859739,"2001",161
1.76525948720285,"2001",162
1.88444456595919,"2001",163
2.00825882120928,"2001",164
2.12515010631956,"2001",165
2.2207443018646,"2001",166
2.28672159300552,"2001",167
2.32085591107215,"2001",168
2.32713274288042,"2001",169
2.31147723546952,"2001",170
2.27870988981464,"2001",171
2.23425318937768,"2001",172
2.18750614451412,"2001",173
2.15025027360795,"2001",174
2.13089465763353,"2001",175
2.134701078115,"2001",176
2.16537805673034,"2001",177
2.22474365481046,"2001",178
2.3092173009,"2001",179
2.40959237121423,"2001",180
2.51303225226293,"2001",181
2.60881059144843,"2001",182
2.68848911968884,"2001",183
2.74443535506971,"2001",184
2.77475856223689,"2001",185
2.77889551900188,"2001",186
2.76106276767,"2001",187
2.72646018823421,"2001",188
2.67920546633449,"2001",189
2.622513370177,"2001",190
2.55793935731621,"2001",191
2.48620630840057,"2001",192
2.41002671207992,"2001",193
2.33181967195345,"2001",194
2.25291069464062,"2001",195
2.17444783381382,"2001",196
2.09887755024557,"2001",197
2.02969767707765,"2001",198
1.97201904234508,"2001",199
1.93172841370692,"2001",200
1.91618986012391,"2001",201
1.93144907208721,"2001",202
1.98095457041668,"2001",203
2.06312466059657,"2001",204
2.17004538288202,"2001",205
2.28903819208031,"2001",206
2.4062520741336,"2001",207
2.50853657014971,"2001",208
2.59097665960112,"2001",209
2.65538429632898,"2001",210
2.71336815752661,"2001",211
2.77588707294935,"2001",212
2.85084110703204,"2001",213
2.94316127518504,"2001",214
3.05682075917626,"2001",215
3.18956774137035,"2001",216
3.3356845699915,"2001",217
3.48647638956268,"2001",218
3.63490760494699,"2001",219
3.77126348222381,"2001",220
3.88372273861754,"2001",221
3.95826908052259,"2001",222
3.99191424638625,"2001",223
3.98713069320845,"2001",224
3.95434523684766,"2001",225
3.90216793787703,"2001",226
3.84154704684032,"2001",227
3.7796120675715,"2001",228
3.72234705786369,"2001",229
3.67182096310287,"2001",230
3.63264911570106,"2001",231
3.60401596731336,"2001",232
3.58603081364073,"2001",233
3.57478494663644,"2001",234
3.56509342595218,"2001",235
3.54893542652194,"2001",236
3.51980952273328,"2001",237
3.47136308843311,"2001",238
3.4068179893442,"2001",239
3.33214044743964,"2001",240
3.25330638249662,"2001",241
3.08813230405399,"2001",243
2.92248857063136,"2001",245
2.76946373038326,"2001",247
2.6074047909886,"2001",249
2.40713834751775,"2001",251
2.16147566050896,"2001",253
1.88661624417367,"2001",255
1.60801884255556,"2001",257
1.34731724989371,"2001",259
1.12132767767394,"2001",261
0.930101872191808,"2001",263
0.766907280558281,"2001",265
0.63094066440217,"2001",267
0.521469410101222,"2001",269
0.431545791092557,"2001",271
0.351570339219696,"2001",273
0.27850233805876,"2001",275
0.212273344419409,"2001",277
0.155420516772526,"2001",279
0.11530451963845,"2001",281
0.0935320647807253,"2001",283
0.0865745198470804,"2001",285
0.089655894528353,"2001",287
0.0960162554696105,"2001",289
0.0967614701072673,"2001",291
0.055605162046586,"2002",91
0.0606715416951375,"2002",93
0.0666094577583685,"2002",95
0.0726069322038457,"2002",97
0.0761691985574515,"2002",99
0.0749245002840702,"2002",101
0.0720565421768698,"2002",103
0.0757184517902559,"2002",105
0.0926218402766402,"2002",107
0.125715020990382,"2002",109
0.172905721259223,"2002",111
0.22738708127361,"2002",113
0.281338262505961,"2002",115
0.327547354330239,"2002",117
0.366365337804679,"2002",119
0.397957985614193,"2002",121
0.428261875872007,"2002",123
0.458231616365176,"2002",125
0.477088237429426,"2002",127
0.476223270056605,"2002",129
0.461268317855852,"2002",131
0.435629472228143,"2002",133
0.419093874041493,"2002",134
0.402882320348323,"2002",135
0.389944308732393,"2002",136
0.381651564769594,"2002",137
0.378189500870124,"2002",138
0.379336017159515,"2002",139
0.384258141738661,"2002",140
0.392145727587338,"2002",141
0.402422818858346,"2002",142
0.414960396277775,"2002",143
0.42954497695454,"2002",144
0.44604237323107,"2002",145
0.4655715000291,"2002",146
0.489491456850318,"2002",147
0.518889026758785,"2002",148
0.555000106219465,"2002",149
0.598701603036988,"2002",150
0.650942285088772,"2002",151
0.77825638436665,"2002",153
0.846568577142868,"2002",154
0.909521377305435,"2002",155
0.960587543292133,"2002",156
0.997807838804633,"2002",157
1.0390411979769,"2002",159
1.04277679739057,"2002",160
1.03094852855435,"2002",161
1.00001607272455,"2002",162
0.946506203203131,"2002",163
0.873645715257181,"2002",164
0.788141470418949,"2002",165
0.698345075195629,"2002",166
0.613261345281349,"2002",167
0.540433542895441,"2002",168
0.486748078653979,"2002",169
0.458646277107755,"2002",170
0.46090960996376,"2002",171
0.496828502902703,"2002",172
0.568752803381948,"2002",173
0.678012571289124,"2002",174
0.824344706651961,"2002",175
1.00999703279235,"2002",176
1.23759735918769,"2002",177
1.51071033692229,"2002",178
1.8300892895765,"2002",179
2.19147452468183,"2002",180
2.58673167109648,"2002",181
3.00308560188257,"2002",182
3.42058807928764,"2002",183
3.8132154985195,"2002",184
4.14513292665458,"2002",185
4.37759065581463,"2002",186
4.49109105132503,"2002",187
4.48902379745827,"2002",188
4.39421636381293,"2002",189
4.23554715847942,"2002",190
4.03893603887328,"2002",191
3.82540755239907,"2002",192
3.61302150689407,"2002",193
3.41474782665332,"2002",194
3.2387105600877,"2002",195
3.08701391382429,"2002",196
2.95963377414856,"2002",197
2.85625010926906,"2002",198
2.77859634146724,"2002",199
2.72572360791383,"2002",200
2.69460991366662,"2002",201
2.68454482484301,"2002",202
2.69460116241972,"2002",203
2.72272080209018,"2002",204
2.76511381503582,"2002",205
2.8167468306336,"2002",206
2.86900668130548,"2002",207
2.91214816515299,"2002",208
2.93788113708882,"2002",209
2.94424932687922,"2002",210
2.93026071946552,"2002",211
2.89671132247603,"2002",212
2.84317680597296,"2002",213
2.77458887283818,"2002",214
2.69336746045693,"2002",215
2.60462696488942,"2002",216
2.51236994057782,"2002",217
2.42253661347987,"2002",218
2.34090169584041,"2002",219
2.2725505303043,"2002",220
2.21850117291807,"2002",221
2.17781219004451,"2002",222
2.12507689498315,"2002",224
2.0973936263846,"2002",226
2.08695939826341,"2002",227
2.07603977066452,"2002",228
2.06147340330725,"2002",229
2.04010394539579,"2002",230
2.00826755085088,"2002",231
1.96524123618121,"2002",232
1.91140503043385,"2002",233
1.84934484607603,"2002",234
1.78137620966071,"2002",235
1.7120706661128,"2002",236
1.64559715314029,"2002",237
1.58446541849285,"2002",238
1.5302682893995,"2002",239
1.48485089406873,"2002",240
1.4478522894577,"2002",241
1.4181732853494,"2002",242
1.37254421557261,"2002",244
1.35013321750022,"2002",246
1.37246110696877,"2002",248
1.43563885471937,"2002",250
1.52038791040534,"2002",252
1.62353031117754,"2002",254
1.75199557946746,"2002",256
1.89961821049865,"2002",258
2.04622291407456,"2002",260
2.15485081086674,"2002",262
2.19453017478739,"2002",264
2.14070632635704,"2002",266
1.99329959414707,"2002",268
1.77589815126369,"2002",270
1.52778657881424,"2002",272
1.28908062024713,"2002",274
1.08308372939378,"2002",276
0.907898321487283,"2002",278
0.753234306944061,"2002",280
0.609363420242187,"2002",282
0.469248938680105,"2002",284
0.332106344032737,"2002",286
0.203668828485511,"2002",288
0.0865059623377147,"2002",290
0,"2002",292
0.164943432445749,"2003",90
0.164911017037309,"2003",91
0.165152343985642,"2003",92
0.166258690992763,"2003",93
0.168417914552587,"2003",94
0.171237812007599,"2003",95
0.174950401129414,"2003",96
0.180197108775917,"2003",97
0.188027514141372,"2003",98
0.199170483809591,"2003",99
0.213387451951096,"2003",100
0.229634261574364,"2003",101
0.246980331687436,"2003",102
0.264291325655721,"2003",103
0.281081743889028,"2003",104
0.296883140880666,"2003",105
0.310679532523933,"2003",106
0.32189328490127,"2003",107
0.330148884911607,"2003",108
0.334919276107348,"2003",109
0.33646677186996,"2003",110
0.335162461185946,"2003",111
0.332771168571686,"2003",112
0.331404258190033,"2003",113
0.331846992278313,"2003",114
0.334082203023326,"2003",115
0.3371789180069,"2003",116
0.339652683436001,"2003",117
0.340440332026689,"2003",118
0.33992430004204,"2003",119
0.338296262855795,"2003",120
0.334961617432551,"2003",121
0.330286138962059,"2003",122
0.324941914121742,"2003",123
0.319715051643078,"2003",124
0.315202055365528,"2003",125
0.311982463404194,"2003",126
0.311991725291882,"2003",127
0.317411514971386,"2003",128
0.330106385767449,"2003",129
0.350594307147267,"2003",130
0.378919218495007,"2003",131
0.415010117681989,"2003",132
0.457917070885825,"2003",133
0.505366298318621,"2003",134
0.553843012373356,"2003",135
0.598382947253046,"2003",136
0.634397354278353,"2003",137
0.661675051570486,"2003",138
0.6869590461494,"2003",139
0.718176062290108,"2003",140
0.762126780589863,"2003",141
0.824541853321232,"2003",142
0.910066784280871,"2003",143
1.02043997503337,"2003",144
1.1538090547364,"2003",145
1.30522946899326,"2003",146
1.46956638629746,"2003",147
1.64269722637126,"2003",148
1.8199773834167,"2003",149
1.99495598439185,"2003",150
2.1578555730869,"2003",151
2.29997120611724,"2003",152
2.41302043564165,"2003",153
2.48746789701215,"2003",154
2.51792512036291,"2003",155
2.50180820563548,"2003",156
2.44677600974469,"2003",157
2.37616583546727,"2003",158
2.31620350246628,"2003",159
2.28901493160284,"2003",160
2.31126708195385,"2003",161
2.39601535340634,"2003",162
2.55168688272115,"2003",163
2.78265506455748,"2003",164
3.08557232987527,"2003",165
3.45287567731862,"2003",166
3.87072410518169,"2003",167
4.31253529735661,"2003",168
4.74203078746446,"2003",169
5.11944228284795,"2003",170
5.41574254303095,"2003",171
5.61638279376152,"2003",172
5.71163171062057,"2003",173
5.69102988366684,"2003",174
5.55567750176479,"2003",175
5.3271977034413,"2003",176
5.03384350875048,"2003",177
4.70296538685364,"2003",178
4.3576238306322,"2003",179
4.01327814555103,"2003",180
3.68139093093254,"2003",181
3.37330798263393,"2003",182
3.09842442921001,"2003",183
2.85621795942389,"2003",184
2.64312394499351,"2003",185
2.45498554900364,"2003",186
2.28425809728704,"2003",187
2.1216876421665,"2003",188
1.95964046533823,"2003",189
1.79730573411466,"2003",190
1.6407187352792,"2003",191
1.49925465112216,"2003",192
1.3799525513147,"2003",193
1.28589973784675,"2003",194
1.22097394181058,"2003",195
1.19326045684886,"2003",196
1.20788901775354,"2003",197
1.26568225499799,"2003",198
1.36229323012958,"2003",199
1.48865398283163,"2003",200
1.6330795834199,"2003",201
1.78363456526549,"2003",202
1.92962617757682,"2003",203
2.0589155086517,"2003",204
2.16017356195048,"2003",205
2.22707932527201,"2003",206
2.25664130763283,"2003",207
2.24986788168622,"2003",208
2.21064756379311,"2003",209
2.14844559722669,"2003",210
2.08174857233585,"2003",211
2.02905140843455,"2003",212
2.00485777733178,"2003",213
2.0177421109126,"2003",214
2.06957618220617,"2003",215
2.26074099397819,"2003",217
2.37986890677859,"2003",218
2.50471252310581,"2003",219
2.62877483756646,"2003",220
2.74371154511743,"2003",221
2.83738734368298,"2003",222
2.90349283542327,"2003",223
2.97373140639227,"2003",225
2.9936508141811,"2003",226
3.01107274252997,"2003",227
3.02585852856259,"2003",228
3.0365939732449,"2003",229
3.03889756330932,"2003",230
3.03043438732097,"2003",231
3.00826099326871,"2003",232
2.97512371680478,"2003",233
2.93059982206802,"2003",234
2.87189743437774,"2003",235
2.79150424431026,"2003",236
2.67793477106144,"2003",237
2.52227360624998,"2003",238
2.32668378941395,"2003",239
2.10254990032409,"2003",240
1.86428885850688,"2003",241
1.62929638340972,"2003",242
1.21751317733097,"2003",244
0.935286663167287,"2003",246
0.814106708728121,"2003",248
0.840650979054844,"2003",250
0.969718881959922,"2003",252
1.15376715089357,"2003",254
1.35218150033922,"2003",256
1.54311520310905,"2003",258
1.71110100414651,"2003",260
1.82181458503454,"2003",262
1.86730911475047,"2003",264
1.85031664526413,"2003",266
1.77904165496501,"2003",268
1.65412791630358,"2003",270
1.45735756792359,"2003",272
1.18964392533494,"2003",274
0.906366028477945,"2003",276
0.666309153541671,"2003",278
0.504418243707714,"2003",280
0.439691315510387,"2003",282
0.475236101068997,"2003",284
0.599922858498822,"2003",286
0.783937616772207,"2003",288
0.968101627505412,"2003",290
1.07607317945495,"2003",292
1.08963845760782,"2003",294
1.0532465928471,"2003",296
0.99903149558501,"2003",298
0.0721872230686798,"2004",91
0.0714358339497238,"2004",92
0.0707595187961495,"2004",93
0.0702559992163585,"2004",94
0.0698614535989186,"2004",95
0.0694278363549807,"2004",96
0.0688722885463767,"2004",97
0.0681858553812683,"2004",98
0.0674405882687552,"2004",99
0.0667344178002795,"2004",100
0.0660690474613163,"2004",101
0.0654259807327532,"2004",102
0.0649081340439037,"2004",103
0.0646901152777731,"2004",104
0.0649585047290898,"2004",105
0.0659017978963292,"2004",106
0.0676134389857312,"2004",107
0.0700070425710516,"2004",108
0.0728426953863983,"2004",109
0.0758444345712545,"2004",110
0.0787878334085149,"2004",111
0.0817256665100579,"2004",112
0.0849120985534059,"2004",113
0.0883970291436883,"2004",114
0.0921420354162508,"2004",115
0.0958835776908238,"2004",116
0.0994012785252535,"2004",117
0.102745876835767,"2004",118
0.10609953308362,"2004",119
0.109696987242379,"2004",120
0.113785567640508,"2004",121
0.118449813348068,"2004",122
0.123630392048973,"2004",123
0.129272612408836,"2004",124
0.135368901539188,"2004",125
0.141743672523754,"2004",126
0.148374852717798,"2004",127
0.155477439888245,"2004",128
0.163380005630202,"2004",129
0.172081753101228,"2004",130
0.181382726027003,"2004",131
0.190853488723639,"2004",132
0.200249438219563,"2004",133
0.209378684767643,"2004",134
0.218215439005731,"2004",135
0.226516415066142,"2004",136
0.233907644445669,"2004",137
0.240267167616095,"2004",138
0.24593021354214,"2004",139
0.251005307098957,"2004",140
0.256191820396286,"2004",141
0.262550064884313,"2004",142
0.270880401452985,"2004",143
0.281520400362152,"2004",144
0.294821975831431,"2004",145
0.310875826166308,"2004",146
0.3295663983746,"2004",147
0.350910818285311,"2004",148
0.374903142884545,"2004",149
0.401174260071504,"2004",150
0.429859658466725,"2004",151
0.460866338748613,"2004",152
0.493291559762193,"2004",153
0.525432441485779,"2004",154
0.555883321301289,"2004",155
0.584102447943386,"2004",156
0.611908763723721,"2004",157
0.642824690041129,"2004",158
0.679844018708499,"2004",159
0.724865256372646,"2004",160
0.778604327696022,"2004",161
0.839794778697371,"2004",162
0.905110364001394,"2004",163
0.969736239385093,"2004",164
1.02881802171417,"2004",165
1.08153219246431,"2004",166
1.1300561725169,"2004",167
1.17529073415771,"2004",168
1.21654811170923,"2004",169
1.25179494035054,"2004",170
1.27948989765321,"2004",171
1.30112333923787,"2004",172
1.31936227128446,"2004",173
1.33434114838556,"2004",174
1.34477524051917,"2004",175
1.34994338728581,"2004",176
1.34994269403478,"2004",177
1.34556205355389,"2004",178
1.33884602178501,"2004",179
1.33218340784595,"2004",180
1.32820817972559,"2004",181
1.32870014129612,"2004",182
1.33492750852107,"2004",183
1.34582589425776,"2004",184
1.35787223977359,"2004",185
1.37012673523184,"2004",186
1.3823038384916,"2004",187
1.39432719585904,"2004",188
1.40599435889487,"2004",189
1.41688119504714,"2004",190
1.42677515323224,"2004",191
1.43416415105872,"2004",192
1.43615125036807,"2004",193
1.42850331333917,"2004",194
1.40751692623464,"2004",195
1.37161097068548,"2004",196
1.32243351257916,"2004",197
1.26418240244887,"2004",198
1.2043714873957,"2004",199
1.1515699565525,"2004",200
1.11394383234049,"2004",201
1.09788389529506,"2004",202
1.10709893936316,"2004",203
1.14163197332023,"2004",204
1.19752000461852,"2004",205
1.26904651443718,"2004",206
1.34884251435299,"2004",207
1.50339853754709,"2004",209
1.56662153390335,"2004",210
1.61548633707532,"2004",211
1.64785765563108,"2004",212
1.66372956676412,"2004",213
1.66566452402381,"2004",214
1.6575817841717,"2004",215
1.6306357044099,"2004",217
1.62238894128627,"2004",218
1.62418679630306,"2004",219
1.63907765227887,"2004",220
1.66762288308822,"2004",221
1.70734756875675,"2004",222
1.75497677551408,"2004",223
1.80862473405347,"2004",224
1.86649763965204,"2004",225
1.92535508167565,"2004",226
1.9827539669532,"2004",227
2.03677658112935,"2004",228
2.08761071890375,"2004",229
2.13566906178661,"2004",230
2.18204231923324,"2004",231
2.22972989606966,"2004",232
2.28212962828195,"2004",233
2.33925627823544,"2004",234
2.3972076936472,"2004",235
2.45056591614087,"2004",236
2.4953660463907,"2004",237
2.52705370671001,"2004",238
2.54293726322503,"2004",239
2.54357430757697,"2004",240
2.53003428869231,"2004",241
2.50254163118327,"2004",242
2.46103566333245,"2004",243
2.34381700823938,"2004",245
2.20871068460059,"2004",247
2.09810713177306,"2004",249
2.02171124239711,"2004",251
1.9917039867696,"2004",253
2.01314407253418,"2004",255
2.07340343382309,"2004",257
2.15958819282755,"2004",259
2.24589861202569,"2004",261
2.30533246378107,"2004",263
2.31307551097166,"2004",265
2.24289342290783,"2004",267
2.08533777955621,"2004",269
1.84320588324905,"2004",271
1.54594740507777,"2004",273
1.23588339748221,"2004",275
0.954193304379331,"2004",277
0.725947782363684,"2004",279
0.557508982438294,"2004",281
0.449267010264431,"2004",283
0.393985072755819,"2004",285
0.377929811639375,"2004",287
0.383743167438478,"2004",289
0.393067100484411,"2004",291
0.0284643914533843,"2005",90
0.0308243095471369,"2005",91
0.0330290810836015,"2005",92
0.0350585713244914,"2005",93
0.036992432006432,"2005",94
0.038791877286015,"2005",95
0.0402896920342019,"2005",96
0.0413403160713181,"2005",97
0.0418691299451847,"2005",98
0.0418305694092186,"2005",99
0.0413289839116696,"2005",100
0.0405607228872507,"2005",101
0.0396910618698376,"2005",102
0.0388801174662306,"2005",103
0.0383697245586756,"2005",104
0.0383561140343286,"2005",105
0.0389007905501793,"2005",106
0.039909833647104,"2005",107
0.0411519968455378,"2005",108
0.0423386171140352,"2005",109
0.0432358523487823,"2005",110
0.0437631840018848,"2005",111
0.0439922810624976,"2005",112
0.0440822225367066,"2005",113
0.0441961691205203,"2005",114
0.0444613658210659,"2005",115
0.0448118909190929,"2005",116
0.0452932493818048,"2005",117
0.0460115243786249,"2005",118
0.0470605525855107,"2005",119
0.0484223561854382,"2005",120
0.050139290792985,"2005",121
0.0522125820811444,"2005",122
0.0545924075247891,"2005",123
0.0572531681556182,"2005",124
0.0600902151001972,"2005",125
0.062972015583935,"2005",126
0.0658315104185994,"2005",127
0.0687019019973185,"2005",128
0.0717463242870663,"2005",129
0.0748807096561884,"2005",130
0.0778526402040178,"2005",131
0.0802334881843071,"2005",132
0.0815833296993442,"2005",133
0.0815475663908832,"2005",134
0.0800785777466734,"2005",135
0.0773609457054667,"2005",136
0.0737040632335119,"2005",137
0.0696395144029357,"2005",138
0.0660014459507491,"2005",139
0.0635172723915839,"2005",140
0.0629153059177737,"2005",141
0.0645588599974933,"2005",142
0.0684450893243828,"2005",143
0.0738868273185278,"2005",144
0.0797673850144008,"2005",145
0.0852654696792569,"2005",146
0.0897672587334271,"2005",147
0.09317753314521,"2005",148
0.0959820186950509,"2005",149
0.0988917497857116,"2005",150
0.102702038787467,"2005",151
0.108091094685071,"2005",152
0.114889452665963,"2005",153
0.122371050563974,"2005",154
0.129731058270257,"2005",155
0.136143303794059,"2005",156
0.141777302473629,"2005",157
0.148448252363534,"2005",158
0.157911624654753,"2005",159
0.171181233332052,"2005",160
0.187908712089154,"2005",161
0.206628785137178,"2005",162
0.225678889658323,"2005",163
0.244002140029939,"2005",164
0.261491237007912,"2005",165
0.281291462465416,"2005",166
0.306956626304203,"2005",167
0.33969141639811,"2005",168
0.378939012505541,"2005",169
0.423719976203593,"2005",170
0.472684397558527,"2005",171
0.524910794502557,"2005",172
0.578909835701707,"2005",173
0.631206404545499,"2005",174
0.678203802400212,"2005",175
0.71727394091456,"2005",176
0.746802790806582,"2005",177
0.765072548099603,"2005",178
0.77203875799216,"2005",179
0.769522049637908,"2005",180
0.760475456250652,"2005",181
0.747810503088824,"2005",182
0.734482639932431,"2005",183
0.72277343530301,"2005",184
0.711942552476803,"2005",185
0.701323022660767,"2005",186
0.690606230414228,"2005",187
0.680645934814066,"2005",188
0.673391053871751,"2005",189
0.670843930228558,"2005",190
0.674942979982819,"2005",191
0.68664308845434,"2005",192
0.704641884106824,"2005",193
0.725877009447772,"2005",194
0.747340363036578,"2005",195
0.76705695732998,"2005",196
0.783723185517371,"2005",197
0.797419322281396,"2005",198
0.809260708897403,"2005",199
0.819540727134789,"2005",200
0.82738332972692,"2005",201
0.83211121992769,"2005",202
0.834665492449265,"2005",203
0.837251365431848,"2005",204
0.842689265579469,"2005",205
0.853485466967068,"2005",206
0.870130687759405,"2005",207
0.891324542126988,"2005",208
0.914440755380032,"2005",209
0.936570459623098,"2005",210
0.954359613515602,"2005",211
0.964401194766554,"2005",212
0.964445509372078,"2005",213
0.955107953513578,"2005",214
0.938128936653939,"2005",215
0.91726005480933,"2005",216
0.898246082923785,"2005",217
0.888186599283946,"2005",218
0.893232800171697,"2005",219
0.918301133398493,"2005",220
0.966214978264214,"2005",221
1.03739729737566,"2005",222
1.12916396683566,"2005",223
1.23826693684272,"2005",224
1.35936489458429,"2005",225
1.48733996551365,"2005",226
1.6185007758578,"2005",227
1.74907300149391,"2005",228
1.87586609710321,"2005",229
1.99597845742125,"2005",230
2.10751617692044,"2005",231
2.21125953839179,"2005",232
2.30892267903941,"2005",233
2.40015190834631,"2005",234
2.48220469509589,"2005",235
2.55192698983027,"2005",236
2.60690068013427,"2005",237
2.64548077810758,"2005",238
2.668279448026,"2005",239
2.67804107618422,"2005",240
2.67602925704237,"2005",241
2.66290894961785,"2005",242
2.60495599337252,"2005",244
2.50909396181543,"2005",246
2.3925388939614,"2005",248
2.27801551683792,"2005",250
2.17739446228475,"2005",252
2.09813829508808,"2005",254
2.02865789351218,"2005",256
1.96068183916794,"2005",258
1.89271277551459,"2005",260
1.81889643822131,"2005",262
1.74217982122232,"2005",264
1.66745183540517,"2005",266
1.59606076558185,"2005",268
1.51945035556329,"2005",270
1.42250287456533,"2005",272
1.29698709740835,"2005",274
1.15103392086729,"2005",276
0.992455738141141,"2005",278
0.825220119848255,"2005",280
0.663101078651609,"2005",282
0.522832346000361,"2005",284
0.411402799157944,"2005",286
0.326872154361386,"2005",288
0.25896873053276,"2005",290
0.193710196368619,"2005",292
0.0936533410936685,"2006",90
0.0898406172121192,"2006",91
0.086227657910303,"2006",92
0.0828397572503528,"2006",93
0.0795837892872513,"2006",94
0.076357548830374,"2006",95
0.0730880375561208,"2006",96
0.0697456047521572,"2006",97
0.0665066297230655,"2006",98
0.0637394107362768,"2006",99
0.0617941446819925,"2006",100
0.0607878820437114,"2006",101
0.061508491604807,"2006",103
0.0631393844214322,"2006",104
0.0654260889149604,"2006",105
0.0681379502929804,"2006",106
0.0709879912747502,"2006",107
0.0738760851577148,"2006",108
0.0769512188818939,"2006",109
0.0803361598997197,"2006",110
0.0840029359056206,"2006",111
0.0878054387988189,"2006",112
0.0914327078572,"2006",113
0.0946057524300473,"2006",114
0.0971194599759122,"2006",115
0.0992632083109239,"2006",116
0.101418639013301,"2006",117
0.103649804479805,"2006",118
0.105802920975935,"2006",119
0.107688115538153,"2006",120
0.109005186128563,"2006",121
0.109541106088402,"2006",122
0.109038583724779,"2006",123
0.10730168765465,"2006",124
0.10444392039977,"2006",125
0.100952223110838,"2006",126
0.0972730286056092,"2006",127
0.0938088790880254,"2006",128
0.0908084739144012,"2006",129
0.0883417006560037,"2006",130
0.0862834796566842,"2006",131
0.0844552855760855,"2006",132
0.0825807085236698,"2006",133
0.0803939659433963,"2006",134
0.0781808152515368,"2006",135
0.0763008977144555,"2006",136
0.0749173787983592,"2006",137
0.0740681819584837,"2006",138
0.0738252656438581,"2006",139
0.0745061295109513,"2006",140
0.0761399196723418,"2006",141
0.0787048175794926,"2006",142
0.0821465800878819,"2006",143
0.086355998497049,"2006",144
0.0911416903227972,"2006",145
0.0965033509606151,"2006",146
0.102481527534636,"2006",147
0.109002770814593,"2006",148
0.116140718515184,"2006",149
0.124021300082215,"2006",150
0.132486485606199,"2006",151
0.141075262078757,"2006",152
0.149477218010724,"2006",153
0.158218114302332,"2006",154
0.167856416337675,"2006",155
0.178964744743071,"2006",156
0.191919536528105,"2006",157
0.206966535514986,"2006",158
0.224099302110165,"2006",159
0.243314451902893,"2006",160
0.26455359944676,"2006",161
0.288314260971487,"2006",162
0.315038667998474,"2006",163
0.346048751216664,"2006",164
0.382513651248874,"2006",165
0.424082146387233,"2006",166
0.469109013568711,"2006",167
0.515795456285552,"2006",168
0.563144050325849,"2006",169
0.610583357082476,"2006",170
0.656829766378321,"2006",171
0.699592634524676,"2006",172
0.735915917849779,"2006",173
0.764194851935193,"2006",174
0.784354977098951,"2006",175
0.799555428513836,"2006",176
0.813132567764387,"2006",177
0.82799057795493,"2006",178
0.844951871797934,"2006",179
0.863163803199396,"2006",180
0.880492162619319,"2006",181
0.895525097625737,"2006",182
0.907102419921968,"2006",183
0.914434525206164,"2006",184
0.917337754721417,"2006",185
0.915212969218534,"2006",186
0.907624786804931,"2006",187
0.895772966900868,"2006",188
0.881891518703389,"2006",189
0.868062885603331,"2006",190
0.855762099834393,"2006",191
0.846880343326381,"2006",192
0.844279894648005,"2006",193
0.851436126548717,"2006",194
0.8714933617525,"2006",195
0.907019328609108,"2006",196
0.957878760021524,"2006",197
1.02047975451909,"2006",198
1.08900072634048,"2006",199
1.15842603527729,"2006",200
1.2243751685282,"2006",201
1.28259877999323,"2006",202
1.32837013016809,"2006",203
1.36066392570562,"2006",204
1.38020380527181,"2006",205
1.38707834201418,"2006",206
1.38384594362207,"2006",207
1.37514379499249,"2006",208
1.36423411496401,"2006",209
1.35289556874117,"2006",210
1.34339735891156,"2006",211
1.33850650118576,"2006",212
1.33959430007496,"2006",213
1.34607697477172,"2006",214
1.35543817316901,"2006",215
1.36466438193721,"2006",216
1.37102162318459,"2006",217
1.37194218011647,"2006",218
1.36468841035805,"2006",219
1.3476648574518,"2006",220
1.3209167019369,"2006",221
1.28538200082958,"2006",222
1.24248806575868,"2006",223
1.19384606585693,"2006",224
1.14179600208042,"2006",225
1.03845015918956,"2006",227
0.989791341899842,"2006",228
0.941846994099939,"2006",229
0.891350829150235,"2006",230
0.835017920696505,"2006",231
0.771196777518877,"2006",232
0.622345200349192,"2006",234
0.547156808893267,"2006",235
0.479760632419488,"2006",236
0.424445457216485,"2006",237
0.383592813563683,"2006",238
0.357192389062698,"2006",239
0.34038280746461,"2006",241
0.347124734761795,"2006",242
0.384527960636006,"2006",244
0.444736180923902,"2006",246
0.523186286193574,"2006",248
0.613110395187522,"2006",250
0.696184865642524,"2006",252
0.749975807291922,"2006",254
0.762624930330414,"2006",256
0.740328919099281,"2006",258
0.691848597979009,"2006",260
0.626016002172966,"2006",262
0.55078737601466,"2006",264
0.468684798168268,"2006",266
0.378967518261454,"2006",268
0.282315771534045,"2006",270
0.187236286337131,"2006",272
0.1060508343044,"2006",274
0.048856253613099,"2006",276
0.0224484351531866,"2006",278
0.0234105339438937,"2006",280
0.0396742421461764,"2006",282
0.0614740894415178,"2006",284
0.0841713034953442,"2006",286
0.105178745695327,"2006",288
0.124473401249294,"2006",290
0.143232151967103,"2006",292
0.371510042609629,"2007",168
0.3769373148219,"2007",169
0.378976060804422,"2007",170
0.378376169202807,"2007",171
0.375737542768791,"2007",172
0.372117426883759,"2007",173
0.368392610900308,"2007",174
0.364808463160564,"2007",175
0.36109084682594,"2007",176
0.356698007610552,"2007",177
0.350618406568447,"2007",178
0.342364019156464,"2007",179
0.331944451887587,"2007",180
0.319163141307509,"2007",181
0.304334634228728,"2007",182
0.288351901626758,"2007",183
0.272650294701524,"2007",184
0.259156758627566,"2007",185
0.249970219360129,"2007",186
0.246643145219726,"2007",187
0.249451171851985,"2007",188
0.257007953323316,"2007",189
0.267733934852255,"2007",190
0.280277919629645,"2007",191
0.293398313817509,"2007",192
0.305807795013462,"2007",193
0.31607163652407,"2007",194
0.322985133321671,"2007",195
0.326240697686379,"2007",196
0.32640251244575,"2007",197
0.3251655031683,"2007",198
0.324631595443574,"2007",199
0.326448683144765,"2007",200
0.332447712804717,"2007",201
0.344125853726558,"2007",202
0.362898104478942,"2007",203
0.389374372271311,"2007",204
0.423265491146741,"2007",205
0.463431404696563,"2007",206
0.507743314589201,"2007",207
0.553018927364668,"2007",208
0.597278063943505,"2007",209
0.639631533555273,"2007",210
0.681099041465485,"2007",211
0.722449065145167,"2007",212
0.764333776313049,"2007",213
0.807646918678368,"2007",214
0.853792441984036,"2007",215
0.903303957911924,"2007",216
0.956638561649177,"2007",217
1.01460279414409,"2007",218
1.07884617655249,"2007",219
1.14983464161916,"2007",220
1.22662587283612,"2007",221
1.30724967239701,"2007",222
1.3906779432239,"2007",223
1.4760321438175,"2007",224
1.56305682468193,"2007",225
1.65197429127695,"2007",226
1.74437643337731,"2007",227
1.83989589794717,"2007",228
1.93831543117252,"2007",229
2.03893393162113,"2007",230
2.14082009886058,"2007",231
2.24214283012029,"2007",232
2.34189972877058,"2007",233
2.43650478604283,"2007",234
2.52071524274216,"2007",235
2.58828987991637,"2007",236
2.63384201908843,"2007",237
2.6542934506917,"2007",238
2.65196620077244,"2007",239
2.63179310996932,"2007",240
2.59798333068918,"2007",241
2.5535421386172,"2007",242
2.44361214507026,"2007",244
2.31932163431634,"2007",246
2.18073399729013,"2007",248
2.02695472304456,"2007",250
1.86668924544187,"2007",252
1.71014422752311,"2007",254
1.55507601573902,"2007",256
1.40540573002867,"2007",258
1.27362593776658,"2007",260
1.1687789582534,"2007",262
1.09838490649297,"2007",264
1.07039598743415,"2007",266
1.0845585085804,"2007",268
1.12735854289096,"2007",270
1.17010326804308,"2007",272
1.18140694279728,"2007",274
1.1421080964795,"2007",276
1.04336854597169,"2007",278
0.89414073732325,"2007",280
0.722244470896348,"2007",282
0.553814659891537,"2007",284
0.402472089256355,"2007",286
0.272015390176028,"2007",288
0.156749777115099,"2007",290
0.0465750543776349,"2007",292
0.0108582056928422,"2008",125
0.0130111623884166,"2008",126
0.0145888951532921,"2008",127
0.0157133242469736,"2008",128
0.0164057352903728,"2008",129
0.0166227187572749,"2008",130
0.0163362850910169,"2008",131
0.0156052272049836,"2008",132
0.0147259674990864,"2008",133
0.014081205181221,"2008",134
0.0138625087322255,"2008",135
0.0142029536614445,"2008",136
0.0153515054853662,"2008",137
0.0174684532956381,"2008",138
0.0202242649307132,"2008",139
0.0229728378352871,"2008",140
0.0251368314568856,"2008",141
0.0263429547906488,"2008",142
0.0262701589344729,"2008",143
0.0247596246794584,"2008",144
0.0218962135379927,"2008",145
0.0177672261223011,"2008",146
0.0125232089752172,"2008",147
0.00652815468374024,"2008",148
0.000479446698196578,"2008",149
0,"2008",150
0,"2008",151
0,"2008",152
0,"2008",153
0,"2008",154
0.00966875390303951,"2008",155
0.025971056668248,"2008",156
0.0486778496588173,"2008",157
0.0777169603487501,"2008",158
0.112409230010034,"2008",159
0.151829380751831,"2008",160
0.195320327708315,"2008",161
0.241803593811579,"2008",162
0.290011349574314,"2008",163
0.337009562986346,"2008",164
0.378733929149845,"2008",165
0.411647579172921,"2008",166
0.434236957809077,"2008",167
0.446888893302112,"2008",168
0.453653880586189,"2008",169
0.459637846978769,"2008",170
0.468062116987419,"2008",171
0.480610116067242,"2008",172
0.498727767996981,"2008",173
0.524086359142753,"2008",174
0.55757366624121,"2008",175
0.596085573968369,"2008",176
0.63430864646385,"2008",177
0.664990691542157,"2008",178
0.682188060666705,"2008",179
0.683731075861008,"2008",180
0.668979637331109,"2008",181
0.639221831246768,"2008",182
0.598475191602066,"2008",183
0.553081861591391,"2008",184
0.512172195941922,"2008",185
0.48488651641868,"2008",186
0.478621646326885,"2008",187
0.49733788372205,"2008",188
0.541684919876336,"2008",189
0.609450887310174,"2008",190
0.69625317545727,"2008",191
0.795624517145071,"2008",192
0.898814780905226,"2008",193
0.995568954907304,"2008",194
1.0764317402424,"2008",195
1.13406923105224,"2008",196
1.16424396591659,"2008",197
1.16682728614018,"2008",198
1.14488067438444,"2008",199
1.10448675271843,"2008",200
1.0531071792344,"2008",201
0.998260767601362,"2008",202
0.948392862582158,"2008",203
0.91047093413708,"2008",204
0.889481407765978,"2008",205
0.887183063836084,"2008",206
0.902462341880458,"2008",207
0.931468185468882,"2008",208
0.969787977957411,"2008",209
1.01219192222253,"2008",210
1.05556580352095,"2008",211
1.09689046222982,"2008",212
1.13470629638769,"2008",213
1.17040704552456,"2008",214
1.20877002464503,"2008",215
1.25472175747556,"2008",216
1.31445336999098,"2008",217
1.39149034438454,"2008",218
1.48853721710117,"2008",219
1.60792144091805,"2008",220
1.75064645978366,"2008",221
1.91320274947565,"2008",222
2.08938963366839,"2008",223
2.26977378034806,"2008",224
2.44334272220777,"2008",225
2.59934371729094,"2008",226
2.73384278617558,"2008",227
2.84639325899471,"2008",228
2.94248591733423,"2008",229
3.02975373020265,"2008",230
3.11856652452235,"2008",231
3.21712723737367,"2008",232
3.33197653249222,"2008",233
3.46394106596328,"2008",234
3.60921277786195,"2008",235
3.76096087481931,"2008",236
3.91243181655452,"2008",237
4.05657877693094,"2008",238
4.18995129241049,"2008",239
4.30860893627846,"2008",240
4.40423261373863,"2008",241
4.4640603586564,"2008",242
4.48199899195108,"2008",243
4.38487745102679,"2008",245
4.1175062992748,"2008",247
3.70121233501676,"2008",249
3.19095992944507,"2008",251
2.65273264002963,"2008",253
2.13947627464897,"2008",255
1.68401796321601,"2008",257
1.29895365345778,"2008",259
0.990678351366135,"2008",261
0.751933023839136,"2008",263
0.571151635227812,"2008",265
0.438472013811966,"2008",267
0.341436435121512,"2008",269
0.268648623010736,"2008",271
0.21187192006918,"2008",273
0.167432243774641,"2008",275
0.135350430014928,"2008",277
0.111191934897106,"2008",279
0.0904916722045601,"2008",281
0.0742818613425589,"2008",283
0.0628521311761193,"2008",285
0.0552208225611011,"2008",287
0.0487799342967399,"2008",289
0.0420910011298037,"2008",291
0.0364802932127547,"2008",293
0.0634232997873522,"2009",91
0.0648696987547033,"2009",92
0.0665526884942291,"2009",93
0.0685368872693843,"2009",94
0.0706818343353518,"2009",95
0.0727451567905644,"2009",96
0.0744566507797353,"2009",97
0.0756912716591459,"2009",98
0.0763374125957341,"2009",99
0.0762942066939275,"2009",100
0.0755476720598395,"2009",101
0.0743025689135946,"2009",102
0.0727749260440681,"2009",103
0.0711405177125802,"2009",104
0.0695340175666373,"2009",105
0.0680068824692383,"2009",106
0.0664850625981867,"2009",107
0.064851142684023,"2009",108
0.0629734810353903,"2009",109
0.0609069750452272,"2009",110
0.0588574921014576,"2009",111
0.0570017409708303,"2009",112
0.0554080121886229,"2009",113
0.0541378805231758,"2009",114
0.0532733272920368,"2009",115
0.0529237744154678,"2009",116
0.0532234935034941,"2009",117
0.0541968022756593,"2009",118
0.0558072200173164,"2009",119
0.0579650614046916,"2009",120
0.0606097079808228,"2009",121
0.0636349211972496,"2009",122
0.0668392725626807,"2009",123
0.069890655203369,"2009",124
0.0724017105519118,"2009",125
0.0741129026710756,"2009",126
0.0748705859465072,"2009",127
0.0748822083420818,"2009",128
0.0744958446827068,"2009",129
0.0739185198220874,"2009",130
0.0733084180221869,"2009",131
0.0726534483598492,"2009",132
0.0717673429553232,"2009",133
0.0703176614739137,"2009",134
0.0681842348173601,"2009",135
0.0655791809352135,"2009",136
0.0629526624403291,"2009",137
0.0607991503464117,"2009",138
0.0597797183001225,"2009",139
0.0604697903496446,"2009",140
0.0631818265670714,"2009",141
0.0679990495327941,"2009",142
0.074871615266414,"2009",143
0.0834328378344431,"2009",144
0.0930096439367648,"2009",145
0.103108292325054,"2009",146
0.113155520591265,"2009",147
0.122753753781592,"2009",148
0.131786565350568,"2009",149
0.140309301355814,"2009",150
0.148669811227699,"2009",151
0.157105440241508,"2009",152
0.165539151643683,"2009",153
0.173542912097569,"2009",154
0.180835861970296,"2009",155
0.187465165781324,"2009",156
0.193937137575001,"2009",157
0.201667986590045,"2009",158
0.21209212746022,"2009",159
0.226103568809379,"2009",160
0.24418854783891,"2009",161
0.26685721637195,"2009",162
0.294248268240695,"2009",163
0.326270399300024,"2009",164
0.362611648415991,"2009",165
0.403708033709263,"2009",166
0.450436465503617,"2009",167
0.502835424537751,"2009",168
0.560869414832431,"2009",169
0.624507793096839,"2009",170
0.693308199058541,"2009",171
0.766060201149864,"2009",172
0.841183051340392,"2009",173
0.916166807349366,"2009",174
0.988247796035864,"2009",175
1.05498582815239,"2009",176
1.11575039441535,"2009",177
1.16881934119623,"2009",178
1.21140065061974,"2009",179
1.24066652991777,"2009",180
1.25506917451782,"2009",181
1.25425422350597,"2009",182
1.23965385590224,"2009",183
1.21311501659067,"2009",184
1.17624782065656,"2009",185
1.1304500584769,"2009",186
1.07864971032192,"2009",187
1.02456481589768,"2009",188
0.973221534012208,"2009",189
0.929205458588767,"2009",190
0.895471167665358,"2009",191
0.873915930006725,"2009",192
0.866229609854459,"2009",193
0.87294167668522,"2009",194
0.893217500714408,"2009",195
0.925262363779624,"2009",196
0.966250821348282,"2009",197
1.01306222100928,"2009",198
1.06171186935216,"2009",199
1.10689071945692,"2009",200
1.14236679363923,"2009",201
1.16276608690434,"2009",202
1.16652187274477,"2009",203
1.15570332156017,"2009",204
1.1347449578827,"2009",205
1.10847134124123,"2009",206
1.08114592543379,"2009",207
1.05585531261088,"2009",208
1.03485719679055,"2009",209
1.01976114070075,"2009",210
1.01239877032526,"2009",211
1.01299830801737,"2009",212
1.02039772758547,"2009",213
1.03342777893835,"2009",214
1.05083368850821,"2009",215
1.07185636239299,"2009",216
1.09782411414674,"2009",217
1.13102988538092,"2009",218
1.1732937221451,"2009",219
1.22542285940257,"2009",220
1.28756021424836,"2009",221
1.35846873140301,"2009",222
1.43734805850751,"2009",223
1.5237902184047,"2009",224
1.616860795049,"2009",225
1.71490780572164,"2009",226
1.8161491558494,"2009",227
1.91692723457541,"2009",228
2.01158835471082,"2009",229
2.09296697419086,"2009",230
2.15672499935129,"2009",231
2.200622895148,"2009",232
2.22455789426917,"2009",233
2.22882579773449,"2009",234
2.21571061970712,"2009",235
2.1884596873865,"2009",236
2.15080863918786,"2009",237
2.10582760092417,"2009",238
2.05826598281651,"2009",239
2.01324815002234,"2009",240
1.97435241905771,"2009",241
1.94366476002806,"2009",242
1.92117442095057,"2009",243
1.89027356752358,"2009",245
1.86514029082181,"2009",247
1.83675469927515,"2009",249
1.79811572602993,"2009",251
1.73866884545017,"2009",253
1.65002017435499,"2009",255
1.53037383376038,"2009",257
1.38589602212634,"2009",259
1.23002574219193,"2009",261
1.07469343895972,"2009",263
0.935595407027389,"2009",265
0.829604765631857,"2009",267
0.762357788049887,"2009",269
0.723690656018529,"2009",271
0.69207900571795,"2009",273
0.652266365520483,"2009",275
0.595649538783039,"2009",277
0.518977464645462,"2009",279
0.428188869466231,"2009",281
0.337894418499372,"2009",283
0.26051073500666,"2009",285
0.201486120686823,"2009",287
0.158363106472637,"2009",289
0.12235524101023,"2009",291
0.0843474899934805,"2009",293
0.0781582816424465,"2010",91
0.0818411913199261,"2010",92
0.0855653239334598,"2010",93
0.0893567391277802,"2010",94
0.0930414383242082,"2010",95
0.0964495253259165,"2010",96
0.0992864569422552,"2010",97
0.101279900166694,"2010",98
0.102054808295996,"2010",99
0.101111706391056,"2010",100
0.0983139023307243,"2010",101
0.0939494202567887,"2010",102
0.0884981277680273,"2010",103
0.0824173898463055,"2010",104
0.0761824520663888,"2010",105
0.0702484107492468,"2010",106
0.0650370787173882,"2010",107
0.0608803029767532,"2010",108
0.0578266340149619,"2010",109
0.055909279399871,"2010",110
0.0551001149437449,"2010",111
0.0553388896074986,"2010",112
0.0565049227916722,"2010",113
0.0583622013753547,"2010",114
0.0605688338714314,"2010",115
0.0627447189690151,"2010",116
0.0646940029460617,"2010",117
0.0663193722483064,"2010",118
0.0676101524734576,"2010",119
0.0686856326780047,"2010",120
0.0698379260388905,"2010",121
0.0714310070890127,"2010",122
0.0737513675306786,"2010",123
0.076872454576718,"2010",124
0.0805237438969107,"2010",125
0.0842933974990227,"2010",126
0.0878928438732723,"2010",127
0.09106226596661,"2010",128
0.0938776460377288,"2010",129
0.0963275741183988,"2010",130
0.0983255219330244,"2010",131
0.099650167761825,"2010",132
0.0998684434940542,"2010",133
0.0985764944127443,"2010",134
0.0957519243947712,"2010",135
0.0917640525893259,"2010",136
0.0869372705497243,"2010",137
0.0816784877598069,"2010",138
0.0769905995779337,"2010",139
0.0739108981984757,"2010",140
0.0732863980102371,"2010",141
0.0756041288213006,"2010",142
0.0811982781005029,"2010",143
0.0900049568892089,"2010",144
0.101515743352105,"2010",145
0.115418213153454,"2010",146
0.131503182359887,"2010",147
0.149485612530936,"2010",148
0.169065813345901,"2010",149
0.189830249236225,"2010",150
0.211304115058588,"2010",151
0.233321952400841,"2010",152
0.255329341251336,"2010",153
0.275974286884561,"2010",154
0.29328876691941,"2010",155
0.305184135018788,"2010",156
0.310820864812673,"2010",157
0.311859333213063,"2010",158
0.310674341928639,"2010",159
0.308741106856985,"2010",160
0.306677349966277,"2010",161
0.305918532916992,"2010",162
0.307961883190868,"2010",163
0.315957833223741,"2010",164
0.333688990521316,"2010",165
0.364483890326851,"2010",166
0.410136131611175,"2010",167
0.47018019556076,"2010",168
0.542788846046277,"2010",169
0.624861087108699,"2010",170
0.714552055859739,"2010",171
0.809940668077292,"2010",172
0.908275565236318,"2010",173
1.00563042449576,"2010",174
1.09932772650197,"2010",175
1.18976173151434,"2010",176
1.27957136616716,"2010",177
1.37046930191547,"2010",178
1.46250857743084,"2010",179
1.55463216662817,"2010",180
1.6469569708294,"2010",181
1.73711042476547,"2010",182
1.820386131084,"2010",183
1.88879802572111,"2010",184
1.9330022016808,"2010",185
1.94441142541203,"2010",186
1.92182348090524,"2010",187
1.86883466692216,"2010",188
1.79497069352336,"2010",189
1.71122176535045,"2010",190
1.62553265717146,"2010",191
1.54307459378144,"2010",192
1.47011383048807,"2010",193
1.41115723125535,"2010",194
1.36760592538321,"2010",195
1.33734833000097,"2010",196
1.31803330407904,"2010",197
1.30717377302872,"2010",198
1.30145032249951,"2010",199
1.29656652540054,"2010",200
1.28825967482313,"2010",201
1.27334823622708,"2010",202
1.25131044585546,"2010",203
1.22192377448361,"2010",204
1.18584957382039,"2010",205
1.14577292260626,"2010",206
1.10518739993858,"2010",207
1.06696988990958,"2010",208
1.03307884340581,"2010",209
1.00596270121337,"2010",210
0.987329264576049,"2010",211
0.978472415154136,"2010",212
0.978553578171504,"2010",213
0.986578634826249,"2010",214
1.00022594046047,"2010",215
1.01701399285923,"2010",216
1.03484390684041,"2010",217
1.05277103773797,"2010",218
1.07198205069847,"2010",219
1.09462161573043,"2010",220
1.12366237144957,"2010",221
1.16054666509374,"2010",222
1.2053601684652,"2010",223
1.25716451112971,"2010",224
1.31492822820696,"2010",225
1.37663946031368,"2010",226
1.43850233186879,"2010",227
1.4948978624754,"2010",228
1.54002791212611,"2010",229
1.57841222540596,"2010",231
1.56691575575702,"2010",232
1.53559426577461,"2010",233
1.48601551357293,"2010",234
1.34941478874805,"2010",236
1.11989582523915,"2010",239
1.05126576210087,"2010",240
0.991602402550629,"2010",241
0.905125416275777,"2010",243
0.84395035884606,"2010",247
0.859804112504311,"2010",251
0.867194012470569,"2010",253
0.873362601458032,"2010",255
0.891090850449972,"2010",257
0.925280852136447,"2010",259
0.975954113843558,"2010",261
1.03664135121657,"2010",263
1.09447814730671,"2010",265
1.13665271579838,"2010",267
1.15982343336351,"2010",269
1.17093625251322,"2010",271
1.16998969742337,"2010",273
1.14245053679135,"2010",275
1.06319807232637,"2010",277
0.933806953523531,"2010",279
0.779179966355752,"2010",281
0.621202318088182,"2010",283
0.474039660618125,"2010",285
0.34653312150708,"2010",287
0.238895046960817,"2010",289
0.141531942916773,"2010",291
0.0424396191400721,"2010",293
0.104237430521018,"2011",91
0.100987532187603,"2011",92
0.0980110511898779,"2011",93
0.0953032723681556,"2011",94
0.0928008949166595,"2011",95
0.0903006344631938,"2011",96
0.0874172366371058,"2011",97
0.0840427908505595,"2011",98
0.0801317704240269,"2011",99
0.0755762764093794,"2011",100
0.0708111205765011,"2011",101
0.0664456037244759,"2011",102
0.062863914890967,"2011",103
0.0602314946602876,"2011",104
0.0586272102166192,"2011",105
0.0579586329257586,"2011",106
0.0580685534683187,"2011",107
0.0585655935635536,"2011",108
0.0588307616420411,"2011",109
0.0584016620777807,"2011",110
0.0574271888860289,"2011",111
0.0561788360505134,"2011",112
0.0548766258425291,"2011",113
0.0536281559977408,"2011",114
0.0523760815679057,"2011",115
0.0507951490867948,"2011",116
0.0487636353477401,"2011",117
0.0461510312461633,"2011",118
0.0432476882969607,"2011",119
0.0404169450810687,"2011",120
0.0378707451070653,"2011",121
0.0357169008954224,"2011",122
0.0339923101568163,"2011",123
0.0325323054403422,"2011",124
0.0310944302861755,"2011",125
0.0292603600976535,"2011",126
0.0266628771363696,"2011",127
0.0233525849964657,"2011",128
0.0197882855476271,"2011",129
0.0163865888329257,"2011",130
0.0134764140790217,"2011",131
0.0114632038249393,"2011",132
0.0105322766844291,"2011",133
0.0105330250589226,"2011",134
0.0111892635872784,"2011",135
0.0121563586412638,"2011",136
0.0132036776596668,"2011",137
0.0139449350020407,"2011",138
0.0138581079698341,"2011",139
0.0125568334924488,"2011",140
0.0102110915930144,"2011",141
0.007059160729637,"2011",142
0.00334528012344952,"2011",143
0,"2011",144
0,"2011",145
0,"2011",146
0,"2011",147
0,"2011",148
0,"2011",149
0,"2011",150
0,"2011",151
0,"2011",152
0,"2011",153
0,"2011",154
0,"2011",155
0.00298473038356697,"2011",156
0.0103801986461141,"2011",157
0.0182812228566254,"2011",158
0.0267307562375015,"2011",159
0.0357379702583581,"2011",160
0.0455494933181834,"2011",161
0.0563731171448043,"2011",162
0.0680357550723009,"2011",163
0.0803137869812515,"2011",164
0.0930667457768506,"2011",165
0.105399098176732,"2011",166
0.116696158668041,"2011",167
0.127127426736219,"2011",168
0.137282602996866,"2011",169
0.147952970550468,"2011",170
0.159372585075918,"2011",171
0.170907895966352,"2011",172
0.181675130381264,"2011",173
0.189882406710188,"2011",174
0.193520971865041,"2011",175
0.192196599042912,"2011",176
0.187099777946952,"2011",177
0.179671125836411,"2011",178
0.170658450643994,"2011",179
0.16028429791067,"2011",180
0.149041811737038,"2011",181
0.13806010319071,"2011",182
0.129870334975286,"2011",183
0.126888034147569,"2011",184
0.129952311356639,"2011",185
0.137862200971526,"2011",186
0.148887200966777,"2011",187
0.160966503227521,"2011",188
0.172192421338513,"2011",189
0.181414105523035,"2011",190
0.187857373010049,"2011",191
0.191311398491722,"2011",192
0.194104951820648,"2011",193
0.19887391952733,"2011",194
0.206792553258034,"2011",195
0.217557470531123,"2011",196
0.230642973339327,"2011",197
0.24570347961442,"2011",198
0.262033058111807,"2011",199
0.279050887526697,"2011",200
0.298387501861512,"2011",201
0.321389856567617,"2011",202
0.348340202935441,"2011",203
0.378861023168303,"2011",204
0.412096073354369,"2011",205
0.447476667470356,"2011",206
0.48587456406112,"2011",207
0.52725736934005,"2011",208
0.571315135551468,"2011",209
0.617411335879308,"2011",210
0.666769561588252,"2011",211
0.720587811039356,"2011",212
0.779341267668823,"2011",213
0.843044741779692,"2011",214
0.910605494018784,"2011",215
0.980356788159614,"2011",216
1.0515526042847,"2011",217
1.12631978946393,"2011",218
1.20878472503205,"2011",219
1.30004815256659,"2011",220
1.3981193821578,"2011",221
1.50042854960901,"2011",222
1.60656670257958,"2011",223
1.71638012594614,"2011",224
1.83096837741784,"2011",225
1.9508798501816,"2011",226
2.07645781477522,"2011",227
2.32336415551246,"2011",229
2.43087856922033,"2011",230
2.52095161032511,"2011",231
2.59117116325687,"2011",232
2.64255292208018,"2011",233
2.67426844292916,"2011",234
2.68484844455578,"2011",235
2.67281329479686,"2011",236
2.63599751550855,"2011",237
2.57345367537147,"2011",238
2.49146369273556,"2011",239
2.40079099984874,"2011",240
2.31084054186602,"2011",241
2.2286830418742,"2011",242
2.15869182639143,"2011",243
2.05968657298535,"2011",245
1.99930586256694,"2011",247
1.93403556027789,"2011",249
1.85618936780226,"2011",251
1.77141615565967,"2011",253
1.67971298202943,"2011",255
1.57681789774234,"2011",257
1.48741865909808,"2011",259
1.4461728307542,"2011",261
1.48048919487769,"2011",263
1.60834602388685,"2011",265
1.83240353579418,"2011",267
2.12780646918768,"2011",269
2.44029614200606,"2011",271
2.68640666311909,"2011",273
2.79193093519848,"2011",275
2.70119112605833,"2011",277
2.4159627273923,"2011",279
2.00588152188402,"2011",281
1.55617676993066,"2011",283
1.12644444437313,"2011",285
0.743554357048064,"2011",287
0.410232511993827,"2011",289
0.107602370067768,"2011",291
0,"2012",116
0,"2012",117
0,"2012",118
0,"2012",119
0,"2012",120
0,"2012",121
0,"2012",122
0,"2012",123
0,"2012",124
0,"2012",125
0,"2012",126
0,"2012",127
0,"2012",128
0,"2012",129
0,"2012",130
0,"2012",131
0,"2012",132
0,"2012",133
0,"2012",134
0,"2012",135
0,"2012",136
0,"2012",137
0,"2012",138
0,"2012",139
0,"2012",140
0,"2012",141
0,"2012",142
0,"2012",143
0,"2012",144
0,"2012",145
0,"2012",146
0,"2012",147
0,"2012",148
0,"2012",149
0,"2012",150
0,"2012",151
0,"2012",152
0,"2012",153
0,"2012",154
0,"2012",155
0,"2012",156
0,"2012",157
0,"2012",158
0,"2012",159
0,"2012",160
0,"2012",161
0,"2012",162
0,"2012",163
0.000376755071697821,"2012",164
0.00797864348275884,"2012",165
0.0149481951582689,"2012",166
0.0215315091125999,"2012",167
0.0278575121262948,"2012",168
0.0340520637867897,"2012",169
0.0403774593133186,"2012",170
0.0469911831499136,"2012",171
0.0538885864592756,"2012",172
0.060830281643025,"2012",173
0.0674400299207877,"2012",174
0.0734779940983932,"2012",175
0.0784148671271202,"2012",176
0.0816263887286652,"2012",177
0.0824150297415391,"2012",178
0.0808237127431232,"2012",179
0.0775405308701123,"2012",180
0.0733143981496759,"2012",181
0.0688922136154877,"2012",182
0.0649451519048654,"2012",183
0.0621956680074222,"2012",184
0.0616282957748803,"2012",185
0.0646259701248365,"2012",186
0.0718742353004747,"2012",187
0.0831956370098541,"2012",188
0.0978002596136751,"2012",189
0.115017819622138,"2012",190
0.133933581752213,"2012",191
0.153466292052165,"2012",192
0.172604252494216,"2012",193
0.190510708756289,"2012",194
0.206400040588006,"2012",195
0.219879589886989,"2012",196
0.231018326749915,"2012",197
0.240099329281534,"2012",198
0.247379238700985,"2012",199
0.253225109839716,"2012",200
0.257872512257789,"2012",201
0.261482227691473,"2012",202
0.264122687677863,"2012",203
0.266188095575061,"2012",204
0.268408779335003,"2012",205
0.271759527557873,"2012",206
0.277294798557896,"2012",207
0.285977764340833,"2012",208
0.298297708004313,"2012",209
0.314202264340632,"2012",210
0.33335293555219,"2012",211
0.355367151343147,"2012",212
0.379861854267128,"2012",213
0.406267618456738,"2012",214
0.434381875387283,"2012",215
0.464064136310885,"2012",216
0.49529428417336,"2012",217
0.527849836173858,"2012",218
0.561752034455907,"2012",219
0.597741159024604,"2012",220
0.636980483443494,"2012",221
0.680768757330512,"2012",222
0.729760538905522,"2012",223
0.783477408437333,"2012",224
0.840741374091876,"2012",225
0.900206012907767,"2012",226
0.960368460002075,"2012",227
1.02011738582267,"2012",228
1.07917482713097,"2012",229
1.13707869346301,"2012",230
1.19214463054576,"2012",231
1.24215794060765,"2012",232
1.28507170371034,"2012",233
1.31954673286788,"2012",234
1.34546917156924,"2012",235
1.36313891401739,"2012",236
1.37316491726139,"2012",237
1.37654774914168,"2012",238
1.3742882531553,"2012",239
1.3669752688704,"2012",240
1.35481971994152,"2012",241
1.33783015537073,"2012",242
1.31621663449619,"2012",243
1.29016891434971,"2012",244
1.22720630511255,"2012",246
1.15032055551299,"2012",248
1.06249069542063,"2012",250
0.973698098035742,"2012",252
0.893321790076794,"2012",254
0.825089276263003,"2012",256
0.768658974728044,"2012",258
0.720114438202657,"2012",260
0.674341830750217,"2012",262
0.623916261582542,"2012",264
0.564510701199549,"2012",266
0.49456886216405,"2012",268
0.418289551249366,"2012",270
0.344860060985312,"2012",272
0.280285225503732,"2012",274
0.227698027041303,"2012",276
0.186182853899796,"2012",278
0.153187545669881,"2012",280
0.12769177941434,"2012",282
0.108069620950412,"2012",284
0.0932295760663591,"2012",286
0.0820555221178597,"2012",288
0.0731228553718269,"2012",290
0.0664549705042005,"2012",292
0.0618900990707727,"2012",294
0.0233401113531872,"2013",111
0.0205138221551908,"2013",112
0.0182654269149669,"2013",113
0.0166263092513115,"2013",114
0.0155666476405773,"2013",115
0.0149745093773105,"2013",116
0.0147099576141821,"2013",117
0.0146598429499061,"2013",118
0.0147645835662515,"2013",119
0.0149680225585456,"2013",120
0.0151945044219508,"2013",121
0.0154190855209379,"2013",122
0.0156275778064543,"2013",123
0.0157253097815088,"2013",124
0.0155759106451613,"2013",125
0.015048272589013,"2013",126
0.0140796187467456,"2013",127
0.0127265836173138,"2013",128
0.0111215353109413,"2013",129
0.00941214890656497,"2013",130
0.00778877143304421,"2013",131
0.00643261131363489,"2013",132
0.00546245714519469,"2013",133
0.0049351022388697,"2013",134
0.0048027874780697,"2013",135
0.00497951502530733,"2013",136
0.00540846771678435,"2013",137
0.0060068441100465,"2013",138
0.00670934286392419,"2013",139
0.00744050464956743,"2013",140
0.00810144479155463,"2013",141
0.00861529970594119,"2013",142
0.00899957268974426,"2013",143
0.00934982309870912,"2013",144
0.00976853718012576,"2013",145
0.0103442561708987,"2013",146
0.0111901952749321,"2013",147
0.0123425741642251,"2013",148
0.0137380222056637,"2013",149
0.0153828780731488,"2013",150
0.017403217781267,"2013",151
0.0199034955842892,"2013",152
0.0229710080050124,"2013",153
0.0265946071128105,"2013",154
0.0307509426096804,"2013",155
0.0354824963807207,"2013",156
0.0407399451182777,"2013",157
0.0464289982813658,"2013",158
0.0523674608842574,"2013",159
0.0583119193553693,"2013",160
0.0642163358365306,"2013",161
0.0704141841431277,"2013",162
0.0771824262027236,"2013",163
0.0844291637967342,"2013",164
0.0918324442267964,"2013",165
0.0987454873537649,"2013",166
0.104886454501642,"2013",167
0.110258548616108,"2013",168
0.115110743238978,"2013",169
0.119928633456742,"2013",170
0.125159509804757,"2013",171
0.131022374279081,"2013",172
0.137780338103119,"2013",173
0.145577843297889,"2013",174
0.154442691011569,"2013",175
0.164138875750749,"2013",176
0.174921415840562,"2013",177
0.187018684768427,"2013",178
0.200440815313746,"2013",179
0.214652541612395,"2013",180
0.228790527138938,"2013",181
0.242350526199365,"2013",182
0.255185418658794,"2013",183
0.26701732241452,"2013",184
0.277470131121594,"2013",185
0.285710179845682,"2013",186
0.29111828694536,"2013",187
0.293297882134829,"2013",188
0.292435829521442,"2013",189
0.289549739920855,"2013",190
0.285403158383742,"2013",191
0.280663282519464,"2013",192
0.27668348192427,"2013",193
0.274885005213792,"2013",194
0.275953153663316,"2013",195
0.280003907052052,"2013",196
0.286977332388686,"2013",197
0.296687879635626,"2013",198
0.308579713139737,"2013",199
0.321582118414169,"2013",200
0.334447546307411,"2013",201
0.346104735654535,"2013",202
0.355733442983212,"2013",203
0.363057180373582,"2013",204
0.368388121205934,"2013",205
0.372651646913048,"2013",206
0.377059716813474,"2013",207
0.382693181302144,"2013",208
0.390695170968697,"2013",209
0.402250033447447,"2013",210
0.419032881421039,"2013",211
0.44219700723364,"2013",212
0.472057213418101,"2013",213
0.50815459541404,"2013",214
0.549737046429417,"2013",215
0.595690570521937,"2013",216
0.644962906240727,"2013",217
0.696712107930953,"2013",218
0.750609770363731,"2013",219
0.806313884268521,"2013",220
0.863100097769259,"2013",221
0.920655539457593,"2013",222
0.979879165544246,"2013",223
1.04145708827404,"2013",224
1.10615937950496,"2013",225
1.17381598738472,"2013",226
1.24360015797574,"2013",227
1.31383549193055,"2013",228
1.38247078510944,"2013",229
1.44659750720491,"2013",230
1.50280890121394,"2013",231
1.54708133618196,"2013",232
1.57645639575586,"2013",233
1.58912297394139,"2013",234
1.58569068492137,"2013",235
1.56788982831564,"2013",236
1.53788027424989,"2013",237
1.49806030419165,"2013",238
1.45211589502142,"2013",239
1.40379861873858,"2013",240
1.35632684006561,"2013",241
1.31207848435546,"2013",242
1.27214962654913,"2013",243
1.20457927896058,"2013",245
1.14845605118738,"2013",247
1.08755320883964,"2013",249
1.01852980589139,"2013",251
0.946559520286191,"2013",253
0.876650037944895,"2013",255
0.810794794808733,"2013",257
0.748750610140401,"2013",259
0.692449184691712,"2013",261
0.639172522406855,"2013",263
0.58763349369906,"2013",265
0.541113331735363,"2013",267
0.502665144148727,"2013",269
0.475288889028812,"2013",271
0.453567299163405,"2013",273
0.42988868651914,"2013",275
0.395510326240275,"2013",277
0.344907651549727,"2013",279
0.284209836022468,"2013",281
0.22208674444438,"2013",283
0.164866524736663,"2013",285
0.115756373042331,"2013",287
0.0744933879803021,"2013",289
0.037822602072635,"2013",291
0.00300015872733719,"2013",293
0.0662293622253695,"2014",112
0.065956315923817,"2014",113
0.0654635090060902,"2014",114
0.064561846152776,"2014",115
0.0633479670729896,"2014",116
0.0620179201693827,"2014",117
0.0606781304410676,"2014",118
0.0593094442038647,"2014",119
0.0579226066191347,"2014",120
0.0566152357772905,"2014",121
0.0555358898505755,"2014",122
0.0548357287143853,"2014",123
0.0545802035029397,"2014",124
0.0546762824419228,"2014",125
0.0550293750726648,"2014",126
0.0555781271091731,"2014",127
0.056296244452652,"2014",128
0.0571758065106767,"2014",129
0.0581135936036414,"2014",130
0.0589445167109244,"2014",131
0.0593647586740142,"2014",132
0.0589999800640465,"2014",133
0.0576971298763362,"2014",134
0.0555641793564317,"2014",135
0.0529633307836142,"2014",136
0.0502383240030884,"2014",137
0.0477460700672588,"2014",138
0.0460634949251159,"2014",139
0.045732673644428,"2014",140
0.047010052698861,"2014",141
0.0499662677908202,"2014",142
0.0546070403468101,"2014",143
0.0607717958246046,"2014",144
0.0680796911051632,"2014",145
0.0762623364844664,"2014",146
0.0850715958111199,"2014",147
0.09434964298051,"2014",148
0.10428203468223,"2014",149
0.115051354749898,"2014",150
0.126660887424586,"2014",151
0.139096344771351,"2014",152
0.152282569663547,"2014",153
0.165932950563187,"2014",154
0.179484698307772,"2014",155
0.192360363785329,"2014",156
0.204400308998504,"2014",157
0.216303203164325,"2014",158
0.228665678686303,"2014",159
0.2415816520528,"2014",160
0.254852305412128,"2014",161
0.268822635033274,"2014",162
0.284010901590445,"2014",163
0.301520891686785,"2014",164
0.322668734191267,"2014",165
0.349092370925705,"2014",166
0.381576524999343,"2014",167
0.419801666395399,"2014",168
0.463412430120888,"2014",169
0.512354098821269,"2014",170
0.566555386349204,"2014",171
0.625011859027564,"2014",172
0.686299981458938,"2014",173
0.749434557589343,"2014",174
0.814053471121839,"2014",175
0.880763754308708,"2014",176
0.950093750042341,"2014",177
1.02092693709677,"2014",178
1.09148967960891,"2014",179
1.1599921361921,"2014",180
1.22490303792939,"2014",181
1.28325325465491,"2014",182
1.33014853234536,"2014",183
1.36005472137397,"2014",184
1.36889003133444,"2014",185
1.35439017485108,"2014",186
1.31928166357777,"2014",187
1.26868899451898,"2014",188
1.20972996635931,"2014",189
1.14938859724793,"2014",190
1.09232961935089,"2014",191
1.04151080330921,"2014",192
0.999459677458619,"2014",193
0.967727897126155,"2014",194
0.946955573250549,"2014",195
0.936810572995959,"2014",196
0.936518513336941,"2014",197
0.944942386156067,"2014",198
0.959676461078593,"2014",199
0.976720270058408,"2014",200
0.991009028178733,"2014",201
0.998379935714494,"2014",202
0.997820651062786,"2014",203
0.989965221131905,"2014",204
0.97670795018205,"2014",205
0.960219537693769,"2014",206
0.94190866840086,"2014",207
0.922577014811758,"2014",208
0.903487536430521,"2014",209
0.887041618893373,"2014",210
0.87549036553871,"2014",211
0.870380104837211,"2014",212
0.871442249479149,"2014",213
0.878064345981497,"2014",214
0.889374344891266,"2014",215
0.903672210374689,"2014",216
0.918887886206208,"2014",217
0.932602975959059,"2014",218
0.943664353390281,"2014",219
0.95267873882129,"2014",220
0.962369284209377,"2014",221
0.974595374028761,"2014",222
0.989932599057227,"2014",223
1.00806126163153,"2014",224
1.02868190463497,"2014",225
1.05287275804749,"2014",226
1.08152870572784,"2014",227
1.11453960792428,"2014",228
1.15163836885058,"2014",229
1.19193813206051,"2014",230
1.27418280353262,"2014",232
1.3115831466414,"2014",233
1.34380098605101,"2014",234
1.36978206549002,"2014",235
1.38862319756353,"2014",236
1.40373575988915,"2014",238
1.39460093208639,"2014",240
1.38235756006518,"2014",241
1.36573081552633,"2014",242
1.34572973776871,"2014",243
1.20665075935184,"2014",249
1.10468008586746,"2014",253
1.02699676401989,"2014",255
0.840390751326423,"2014",259
0.739692024080731,"2014",261
0.635073079029069,"2014",263
0.528335758362998,"2014",265
0.422907014667657,"2014",267
0.325708372045019,"2014",269
0.247416538013082,"2014",271
0.194066009792639,"2014",273
0.163336647433123,"2014",275
0.148093666342268,"2014",277
0.141515167955039,"2014",279
0.137813066607101,"2014",281
0.13134947243537,"2014",283
0.119336545343839,"2014",285
0.104346378319525,"2014",287
0.0886526207920499,"2014",289
0.0730444952303889,"2014",291
0.0565120126545949,"2014",293
0.0307343895211327,"2015",116
0.0309600210637105,"2015",117
0.0311266412997098,"2015",118
0.0313803321062235,"2015",119
0.0319024099472485,"2015",120
0.0326886012510875,"2015",121
0.0336614603030442,"2015",122
0.0346334610068245,"2015",123
0.0355550031278014,"2015",124
0.0367624818766488,"2015",125
0.0386904032435563,"2015",126
0.04172928473723,"2015",127
0.0460543362181306,"2015",128
0.0516459844711371,"2015",129
0.0581307743919351,"2015",130
0.0649149104000694,"2015",131
0.0713133358600273,"2015",132
0.0767063906296242,"2015",133
0.0804782749151171,"2015",134
0.0822985756118317,"2015",135
0.082049562187081,"2015",136
0.0797441734934402,"2015",137
0.0755726001124672,"2015",138
0.0700391552029767,"2015",139
0.0638484832193828,"2015",140
0.0580684447405612,"2015",141
0.0535645118753087,"2015",142
0.0506949703096327,"2015",143
0.0492018261333158,"2015",144
0.0486192263897135,"2015",145
0.048644834460113,"2015",146
0.0490900054591872,"2015",147
0.0498995577031767,"2015",148
0.0511349418423689,"2015",149
0.0529132836030288,"2015",150
0.0555937460657677,"2015",151
0.0596809800954908,"2015",152
0.065258306731771,"2015",153
0.0724340447971335,"2015",154
0.0813932512979474,"2015",155
0.0920815861318666,"2015",156
0.104726330594997,"2015",157
0.120282741077448,"2015",158
0.140282043571389,"2015",159
0.165869913703221,"2015",160
0.197402179687279,"2015",161
0.23435737981606,"2015",162
0.275485676903147,"2015",163
0.319890128279258,"2015",164
0.367595617816428,"2015",165
0.420585945788516,"2015",166
0.480707533629739,"2015",167
0.547842867456049,"2015",168
0.619986549733857,"2015",169
0.69335036714167,"2015",170
0.764572070251495,"2015",171
0.831494278311522,"2015",172
0.891137056045729,"2015",173
0.938198711441047,"2015",174
0.968104111618826,"2015",175
0.979840756793436,"2015",176
0.974504328588766,"2015",177
0.953926635688364,"2015",178
0.920501281947111,"2015",179
0.877682194407861,"2015",180
0.830682515919842,"2015",181
0.784116641118177,"2015",182
0.74298959950289,"2015",183
0.710600488593342,"2015",184
0.687831194480586,"2015",185
0.676801524870497,"2015",186
0.678011966731011,"2015",187
0.690577428973946,"2015",188
0.713210652295468,"2015",189
0.743804557771274,"2015",190
0.779876216630051,"2015",191
0.818329144936963,"2015",192
0.857143247250546,"2015",193
0.894299398775575,"2015",194
0.927506583235381,"2015",195
0.954817609040606,"2015",196
0.975441268334457,"2015",197
0.988610729016317,"2015",198
0.994445490216749,"2015",199
0.995572090485423,"2015",200
0.996332279650017,"2015",201
0.999712986196641,"2015",202
1.0064400216452,"2015",203
1.01691398462429,"2015",204
1.03049926411453,"2015",205
1.04644402012741,"2015",206
1.06613184652191,"2015",207
1.09158297152403,"2015",208
1.12196879634947,"2015",209
1.15366460421331,"2015",210
1.1820468058504,"2015",211
1.20392740383784,"2015",212
1.21761232601638,"2015",213
1.22233654145358,"2015",214
1.21727314096748,"2015",215
1.20325537950549,"2015",216
1.18329394886,"2015",217
1.16242567078796,"2015",218
1.14563336478329,"2015",219
1.13698369318515,"2015",220
1.13986909856862,"2015",221
1.15597197709977,"2015",222
1.18432524242932,"2015",223
1.22322195854596,"2015",224
1.26983797777161,"2015",225
1.32048328207015,"2015",226
1.37015684544517,"2015",227
1.4132522681681,"2015",228
1.444207732415,"2015",229
1.45891142831041,"2015",230
1.45543722631172,"2015",231
1.43726367512285,"2015",232
1.40973166065573,"2015",233
1.37818216087711,"2015",234
1.34661459822222,"2015",235
1.31848729443575,"2015",236
1.29592010961069,"2015",237
1.27844307693068,"2015",238
1.26424578828881,"2015",239
1.2532968697742,"2015",240
1.24553507446911,"2015",241
1.24063621621721,"2015",242
1.23760342343745,"2015",243
1.23353214346191,"2015",245
1.23246395921594,"2015",247
1.25162821386167,"2015",249
1.29601639338819,"2015",251
1.36692542920815,"2015",253
1.45944301529633,"2015",255
1.56288411679355,"2015",257
1.68019457168535,"2015",259
1.80852976120515,"2015",261
1.94492098532973,"2015",263
2.0757877016293,"2015",265
2.17218683745508,"2015",267
2.20897130001243,"2015",269
2.17010373494407,"2015",271
2.05825074699267,"2015",273
1.88120979987699,"2015",275
1.64754809136874,"2015",277
1.38425098491015,"2015",279
1.12341592973143,"2015",281
0.893955471763883,"2015",283
0.710583969816,"2015",285
0.571940200790625,"2015",287
0.466504710100614,"2015",289
0.377021414089337,"2015",291
0.288520089126436,"2015",293
0.0256116778173401,"2016",115
0.0259753832108704,"2016",116
0.0263807168214679,"2016",117
0.0267484129377719,"2016",118
0.0270357113243444,"2016",119
0.0272472027565485,"2016",120
0.0273631473565962,"2016",121
0.0274121697167857,"2016",122
0.0274179119557908,"2016",123
0.0273873694065582,"2016",124
0.0273638215639667,"2016",125
0.0273888223084153,"2016",126
0.0275311542185788,"2016",127
0.0277893149379644,"2016",128
0.028163273582306,"2016",129
0.0286012225805063,"2016",130
0.0290101552690317,"2016",131
0.0293056332082249,"2016",132
0.0294243473207623,"2016",133
0.0293607886275764,"2016",134
0.0291843462587954,"2016",135
0.0289343755901798,"2016",136
0.0285517432065438,"2016",137
0.0279397979531514,"2016",138
0.0270461164144778,"2016",139
0.0258710792828392,"2016",140
0.0244977993228214,"2016",141
0.0230256353103085,"2016",142
0.0215460142505632,"2016",143
0.0201411616555561,"2016",144
0.0189230222011663,"2016",145
0.0180559652295477,"2016",146
0.0178238351243273,"2016",147
0.0184043989685386,"2016",148
0.0198927425176665,"2016",149
0.02237374679808,"2016",150
0.0259644786478805,"2016",151
0.0308007981830858,"2016",152
0.0369365363566146,"2016",153
0.0444199701376697,"2016",154
0.0530945993688759,"2016",155
0.0626917300493277,"2016",156
0.0729852849818962,"2016",157
0.083855310071487,"2016",158
0.0951963268995903,"2016",159
0.106778156828679,"2016",160
0.11832609610119,"2016",161
0.129820998302463,"2016",162
0.141205891252742,"2016",163
0.152676377719392,"2016",164
0.164600493372742,"2016",165
0.177123688489093,"2016",166
0.190265326266582,"2016",167
0.203924025093257,"2016",168
0.218084605210514,"2016",169
0.232478836194876,"2016",170
0.246907268919605,"2016",171
0.261193242328776,"2016",172
0.274862701497797,"2016",173
0.287231370029741,"2016",174
0.298073733940078,"2016",175
0.308073151566273,"2016",176
0.318098612043294,"2016",177
0.329150238171498,"2016",178
0.342209844376324,"2016",179
0.35811016311397,"2016",180
0.377456998883378,"2016",181
0.400313403519514,"2016",182
0.426150006017833,"2016",183
0.453496086398347,"2016",184
0.480414844048579,"2016",185
0.505079150793583,"2016",186
0.526312051500832,"2016",187
0.543577612397094,"2016",188
0.557281327342643,"2016",189
0.568392007159815,"2016",190
0.577317269298691,"2016",191
0.583895353101966,"2016",192
0.588651394151436,"2016",193
0.592101863148056,"2016",194
0.594188919951172,"2016",195
0.594423610735797,"2016",196
0.592787400417715,"2016",197
0.589282209792557,"2016",198
0.584158822519208,"2016",199
0.578614499289376,"2016",200
0.574597956250071,"2016",201
0.573829861282406,"2016",202
0.576760317183765,"2016",203
0.58315148134768,"2016",204
0.592185022193429,"2016",205
0.603122456060426,"2016",206
0.61609603163707,"2016",207
0.631581928823413,"2016",208
0.649413838955957,"2016",209
0.668999517825299,"2016",210
0.689909176212642,"2016",211
0.712336798608356,"2016",212
0.736403317955076,"2016",213
0.76207082779462,"2016",214
0.789035299782903,"2016",215
0.816920881020165,"2016",216
0.845267486593014,"2016",217
0.873677630602694,"2016",218
0.902452216913749,"2016",219
0.932457301634849,"2016",220
0.964649862002911,"2016",221
0.999757254035348,"2016",222
1.03794730441979,"2016",223
1.07831743378127,"2016",224
1.11983803662101,"2016",225
1.1609105663568,"2016",226
1.1995501780497,"2016",227
1.23402294937292,"2016",228
1.26349562612404,"2016",229
1.28758502373668,"2016",230
1.30536280624363,"2016",231
1.31610983205094,"2016",232
1.31968350302944,"2016",233
1.31676293584697,"2016",234
1.30892432428308,"2016",235
1.29797173552798,"2016",236
1.28512316501913,"2016",237
1.27094596267941,"2016",238
1.25576796239509,"2016",239
1.23981236010418,"2016",240
1.22281245060838,"2016",241
1.20395852586172,"2016",242
1.18279658329711,"2016",243
1.15930743170074,"2016",244
1.10682278009449,"2016",246
1.04627001738239,"2016",248
0.977203163725051,"2016",250
0.908586732646876,"2016",252
0.851401236777696,"2016",254
0.813830101371665,"2016",256
0.798854398869869,"2016",258
0.80422681628639,"2016",260
0.823533101303564,"2016",262
0.844372577011732,"2016",264
0.851957677409082,"2016",266
0.834893619162172,"2016",268
0.792700294786068,"2016",270
0.734799371281132,"2016",272
0.668691475205322,"2016",274
0.594496187721112,"2016",276
0.511433319766526,"2016",278
0.426093205590894,"2016",280
0.346782821552967,"2016",282
0.277242032650647,"2016",284
0.218651411360786,"2016",286
0.1699909974464,"2016",288
0.1280124422227,"2016",290
0.0894449711233052,"2016",292
0.0522156157485017,"2016",294
0,"2017",113
0,"2017",114
0,"2017",115
0,"2017",116
0,"2017",117
0,"2017",118
0,"2017",119
0,"2017",120
0,"2017",121
0,"2017",122
0,"2017",123
0,"2017",124
0,"2017",125
0,"2017",126
0,"2017",127
0,"2017",128
0,"2017",129
0,"2017",130
0,"2017",131
0,"2017",132
0,"2017",133
0,"2017",134
0,"2017",135
0,"2017",136
0,"2017",137
0,"2017",138
0,"2017",139
0,"2017",140
0,"2017",141
0,"2017",142
0,"2017",143
0,"2017",144
0,"2017",145
0,"2017",146
0,"2017",147
0,"2017",148
0,"2017",149
0,"2017",150
0,"2017",151
0,"2017",152
0,"2017",153
0,"2017",154
0,"2017",155
0,"2017",156
0,"2017",157
0,"2017",158
0,"2017",159
0,"2017",160
0,"2017",161
0,"2017",162
0,"2017",163
0,"2017",164
0,"2017",165
0,"2017",166
0.00747639195041472,"2017",167
0.0254291718422091,"2017",168
0.0470728264307776,"2017",169
0.0701084992951382,"2017",170
0.0929283551470228,"2017",171
0.114737167247277,"2017",172
0.134548490872487,"2017",173
0.150405695440115,"2017",174
0.160640700431619,"2017",175
0.164714760602864,"2017",176
0.163140166749247,"2017",177
0.156920135108765,"2017",178
0.14804865939242,"2017",179
0.138585992074578,"2017",180
0.130716934466261,"2017",181
0.125790149377971,"2017",182
0.124064163057437,"2017",183
0.124733150961043,"2017",184
0.12578063367127,"2017",185
0.126307376611403,"2017",186
0.12537326415497,"2017",187
0.122084601221517,"2017",188
0.115947636778908,"2017",189
0.107397554910864,"2017",190
0.0971930298924255,"2017",191
0.0862102039887322,"2017",192
0.075486627067735,"2017",193
0.0662767833454345,"2017",194
0.0597331640794636,"2017",195
0.057191387256077,"2017",196
0.0599329097393839,"2017",197
0.0686333974331774,"2017",198
0.0832161148451239,"2017",199
0.10231833092068,"2017",200
0.123317737521518,"2017",201
0.143436045572065,"2017",202
0.160202958126258,"2017",203
0.172266107197126,"2017",204
0.179455060022864,"2017",205
0.183047446032267,"2017",206
0.184704051888382,"2017",207
0.186429451638118,"2017",208
0.189683487030328,"2017",209
0.195595460234436,"2017",210
0.203909659098288,"2017",211
0.214121837934671,"2017",212
0.225539406216616,"2017",213
0.237019310043556,"2017",214
0.247188888059974,"2017",215
0.255229784167974,"2017",216
0.260568329199418,"2017",217
0.263528463450757,"2017",218
0.264677809086179,"2017",219
0.265360118214807,"2017",220
0.26760214002441,"2017",221
0.274401073036205,"2017",222
0.288041787264607,"2017",223
0.310649569511487,"2017",224
0.343444450433751,"2017",225
0.387318783171182,"2017",226
0.440822395028896,"2017",227
0.501838342880192,"2017",228
0.567484118728001,"2017",229
0.633914790855373,"2017",230
0.695147874257868,"2017",231
0.745957900376066,"2017",232
0.782017674564376,"2017",233
0.8010644941247,"2017",234
0.803278539308444,"2017",235
0.790327840451442,"2017",236
0.764775994121037,"2017",237
0.729944505621311,"2017",238
0.688111212289462,"2017",239
0.641769969808049,"2017",240
0.594402927355878,"2017",241
0.550829441767281,"2017",242
0.513590293701258,"2017",243
0.462492986826463,"2017",245
0.447998930425989,"2017",247
0.474114727546918,"2017",249
0.532887381472975,"2017",251
0.614795723401975,"2017",253
0.706660620735606,"2017",255
0.794854296863194,"2017",257
0.868393510250341,"2017",259
0.915855443425452,"2017",261
0.928169873215973,"2017",263
0.902174466222885,"2017",265
0.837697528617139,"2017",267
0.741527503436084,"2017",269
0.627164172369294,"2017",271
0.509852239218416,"2017",273
0.402608691804835,"2017",275
0.314628662479851,"2017",277
0.247321580987752,"2017",279
0.198883410939785,"2017",281
0.166619374382054,"2017",283
0.147729017730116,"2017",285
0.139465299790144,"2017",287
0.138136472478848,"2017",289
0.139754863820623,"2017",291
0.141719180512638,"2017",293
0.0168877847834282,"2018",112
0.0155208845974662,"2018",113
0.0144479412743247,"2018",114
0.0135827719865558,"2018",115
0.0128199249097224,"2018",116
0.0120562347205894,"2018",117
0.0112431302080376,"2018",118
0.0103169796825256,"2018",119
0.0091793190591002,"2018",120
0.00774069908146847,"2018",121
0.00607621263163258,"2018",122
0.00434021696830468,"2018",123
0.00272745441316992,"2018",124
0.00138015636115214,"2018",125
0.000452104102245526,"2018",126
0.000117511101819845,"2018",127
0.000321233252875031,"2018",128
0.000939465168746989,"2018",129
0.00177939089102752,"2018",130
0.00262460084980312,"2018",131
0.00321439279657694,"2018",132
0.00325159830473659,"2018",133
0.00260679194735376,"2018",134
0.00121308350488243,"2018",135
0,"2018",136
0,"2018",137
0,"2018",138
0,"2018",139
0,"2018",140
0,"2018",141
0,"2018",142
0,"2018",143
0,"2018",144
0,"2018",145
0,"2018",146
0,"2018",147
0,"2018",148
0,"2018",149
0.000226667865776353,"2018",150
0.00234900884151648,"2018",151
0.00461743931118039,"2018",152
0.00696236279812107,"2018",153
0.00929813778488336,"2018",154
0.0113303103826623,"2018",155
0.0123726254579824,"2018",156
0.0118260522521721,"2018",157
0.00997954327560596,"2018",158
0.00728577686835513,"2018",159
0.00397384266946393,"2018",160
0,"2018",161
0,"2018",162
0,"2018",163
0,"2018",164
0,"2018",165
0,"2018",166
0.00267191023816693,"2018",167
0.0206811111277568,"2018",168
0.043024553446061,"2018",169
0.0677710955050979,"2018",170
0.0935394142095254,"2018",171
0.119137880159987,"2018",172
0.142903513818948,"2018",173
0.163087527057457,"2018",174
0.179095052747594,"2018",175
0.191887064505988,"2018",176
0.202646356650524,"2018",177
0.212451481014048,"2018",178
0.222999648237315,"2018",179
0.236076196917624,"2018",180
0.253109946044889,"2018",181
0.274359359221897,"2018",182
0.298245203708383,"2018",183
0.321995768804242,"2018",184
0.342088246802776,"2018",185
0.355418826757537,"2018",186
0.360331102024927,"2018",187
0.356637192116072,"2018",188
0.345754654390286,"2018",189
0.330351747626933,"2018",190
0.312890269537124,"2018",191
0.295453832206745,"2018",192
0.279777922852075,"2018",193
0.267272674478491,"2018",194
0.259042995716729,"2018",195
0.255974595719055,"2018",196
0.258610642390293,"2018",197
0.26694368350101,"2018",198
0.280060206528263,"2018",199
0.295972562143821,"2018",200
0.311795481783504,"2018",201
0.325085013494848,"2018",202
0.334116082902162,"2018",203
0.338036784842832,"2018",204
0.337197199939233,"2018",205
0.333118202817438,"2018",206
0.327441150353913,"2018",207
0.321898282869036,"2018",208
0.31762560739041,"2018",209
0.315882146198221,"2018",210
0.317048734360278,"2018",211
0.321536577165332,"2018",212
0.32917638011888,"2018",213
0.339567631872881,"2018",214
0.351895583612674,"2018",215
0.365365702831373,"2018",216
0.378806156945556,"2018",217
0.391211710417717,"2018",218
0.40233933680674,"2018",219
0.42709410053373,"2018",221
0.445862515618814,"2018",222
0.4710709555798,"2018",223
0.502889435043847,"2018",224
0.540598084219562,"2018",225
0.583922209064106,"2018",226
0.735753881785183,"2018",229
0.790536571907576,"2018",230
0.843577597416878,"2018",231
0.891218582785439,"2018",232
0.958636312449854,"2018",234
0.976481083897867,"2018",235
0.98439617217415,"2018",236
0.983075131805043,"2018",237
0.974255592248668,"2018",238
0.959077607871767,"2018",239
0.938321669714668,"2018",240
0.912768501300206,"2018",241
0.884203602926613,"2018",242
0.854174801921704,"2018",243
0.794862106458459,"2018",245
0.74366725015331,"2018",247
0.703432835750471,"2018",249
0.674912456657402,"2018",251
0.658732698976089,"2018",253
0.652322632591959,"2018",255
0.654022267555449,"2018",257
0.658244559329777,"2018",259
0.656146741126717,"2018",261
0.637880255136724,"2018",263
0.597723403967586,"2018",265
0.533999730794581,"2018",267
0.452183370398646,"2018",269
0.366731754094729,"2018",271
0.290450747671817,"2018",273
0.230314276945294,"2018",275
0.187952981960735,"2018",277
0.159227706834938,"2018",279
0.140084788110867,"2018",281
0.125838745609754,"2018",283
0.113327690045239,"2018",285
0.10244225522284,"2018",287
0.0929616777781163,"2018",289
0.0836632955572306,"2018",291
0.0736081513564447,"2018",293
0.026547619456055,"2019",111
0.0233343198448453,"2019",112
0.0203763775677856,"2019",113
0.0176848244268379,"2019",114
0.0152606170693726,"2019",115
0.0130759795657595,"2019",116
0.0110585376084981,"2019",117
0.00917303598278808,"2019",118
0.00744744047470915,"2019",119
0.00592567847157588,"2019",120
0.00458375278153166,"2019",121
0.00341656725473004,"2019",122
0.00243588581637645,"2019",123
0.00163417207120761,"2019",124
0.00104406236541134,"2019",125
0.000688267511221488,"2019",126
0.000618895053776811,"2019",127
0.00091262826653539,"2019",128
0.00157399984266357,"2019",129
0.00253580014160844,"2019",130
0.00373805562977973,"2019",131
0.00507798794707585,"2019",132
0.00645435337348221,"2019",133
0.0078086866774653,"2019",134
0.00895921816612913,"2019",135
0.00974549609009802,"2019",136
0.0101113990964217,"2019",137
0.0100631398789447,"2019",138
0.00970107985792028,"2019",139
0.00913326936501511,"2019",140
0.00852050499452654,"2019",141
0.00800678829633041,"2019",142
0.00768606405282304,"2019",143
0.00759730057966444,"2019",144
0.00775106703127454,"2019",145
0.0081039072208897,"2019",146
0.00861601128890641,"2019",147
0.00927944816952805,"2019",148
0.0101339197752247,"2019",149
0.0112670666366948,"2019",150
0.012861813463234,"2019",151
0.0151422386351107,"2019",152
0.0183407955236917,"2019",153
0.0226012532132846,"2019",154
0.0281329891307454,"2019",155
0.0351447796686703,"2019",156
0.0437331879433142,"2019",157
0.0539386416293138,"2019",158
0.0657861211610064,"2019",159
0.0791699179512306,"2019",160
0.0940938885876258,"2019",161
0.110642894104965,"2019",162
0.128723046067197,"2019",163
0.147681166925196,"2019",164
0.166823299146226,"2019",165
0.186025041530426,"2019",166
0.205445140733572,"2019",167
0.225008715599584,"2019",168
0.244453721192568,"2019",169
0.263550856388187,"2019",170
0.28216036730144,"2019",171
0.300160003723354,"2019",172
0.317436631616699,"2019",173
0.333532245441881,"2019",174
0.347936709312737,"2019",175
0.360220324321384,"2019",176
0.37028318026816,"2019",177
0.377699781654629,"2019",178
0.382358835374748,"2019",179
0.384426325929833,"2019",180
0.384333523777428,"2019",181
0.38226088903853,"2019",182
0.378215327551334,"2019",183
0.371993727001367,"2019",184
0.363910769690461,"2019",185
0.355228213601898,"2019",186
0.347502026589606,"2019",187
0.341495309173654,"2019",188
0.33741079995378,"2019",189
0.335444340537405,"2019",190
0.335274420234124,"2019",191
0.336241836756954,"2019",192
0.338133305762324,"2019",193
0.34080245484901,"2019",194
0.343853064404153,"2019",195
0.346986022976128,"2019",196
0.35041474811152,"2019",197
0.354606234121662,"2019",198
0.359798748073024,"2019",199
0.365850819301308,"2019",200
0.372442950178932,"2019",201
0.379110991163745,"2019",202
0.38578359406514,"2019",203
0.392532547605201,"2019",204
0.399563650967599,"2019",205
0.407401136581215,"2019",206
0.41662514247404,"2019",207
0.427575615707815,"2019",208
0.440739059126986,"2019",209
0.456649832191644,"2019",210
0.475983330106449,"2019",211
