"prob.occ","year","doy"
0.269105948279115,"1991",140
0.290074541975579,"1991",141
0.310321001519313,"1991",142
0.329488178428044,"1991",143
0.347475521687362,"1991",144
0.364262026921451,"1991",145
0.379738457906621,"1991",146
0.393828887655914,"1991",147
0.407024025562397,"1991",148
0.418936856185847,"1991",149
0.427943612631805,"1991",150
0.433489370125782,"1991",151
0.436394889550078,"1991",152
0.437821643575823,"1991",153
0.440061495367754,"1991",154
0.444978163057177,"1991",155
0.452691138380627,"1991",156
0.463169190186877,"1991",157
0.475150768714355,"1991",158
0.486962190776717,"1991",159
0.496662138937446,"1991",160
0.502278100966092,"1991",161
0.503443508042116,"1991",162
0.500867221383295,"1991",163
0.49471665537579,"1991",164
0.485236440798468,"1991",165
0.47442291585875,"1991",166
0.464581863166061,"1991",167
0.457692546589258,"1991",168
0.454405540339471,"1991",169
0.453957287392325,"1991",170
0.456447774691417,"1991",171
0.46254241461406,"1991",172
0.471677124309446,"1991",173
0.48199917230006,"1991",174
0.492053868360241,"1991",175
0.500603759164822,"1991",176
0.506544370200225,"1991",177
0.509639855888754,"1991",178
0.510064731862648,"1991",179
0.507767772666948,"1991",180
0.503124554525444,"1991",181
0.497549439555152,"1991",182
0.491761920479407,"1991",183
0.487036782703671,"1991",184
0.484730547367583,"1991",185
0.485655279615097,"1991",186
0.490081086762915,"1991",187
0.497337739656044,"1991",188
0.504785662343966,"1991",189
0.509646855573244,"1991",190
0.510479329350091,"1991",191
0.507128591759423,"1991",192
0.500094639009893,"1991",193
0.491345215514968,"1991",194
0.482714317400007,"1991",195
0.475304653734325,"1991",196
0.470160846917687,"1991",197
0.467143984389161,"1991",198
0.46499539039508,"1991",199
0.462752715492889,"1991",200
0.459539599925216,"1991",201
0.454071434938668,"1991",202
0.445355051731695,"1991",203
0.433888087934667,"1991",204
0.421519775472617,"1991",205
0.409406447261186,"1991",206
0.397178717972036,"1991",207
0.384528943645909,"1991",208
0.37083988414984,"1991",209
0.356681930614201,"1991",210
0.344185273855228,"1991",211
0.33442355530567,"1991",212
0.327026180121907,"1991",213
0.321020810404706,"1991",214
0.315275564491205,"1991",215
0.308016255177077,"1991",216
0.298994812897509,"1991",217
0.287588445035698,"1991",218
0.271392558600889,"1991",219
0.2482625895039,"1991",220
0.217497245450569,"1991",221
0.179722967852296,"1991",222
0.138051332945538,"1991",223
0.0974026959996741,"1991",224
0.0617603773596886,"1991",225
0.0328796372247848,"1991",226
0.0111496387016467,"1991",227
0,"1991",228
0,"1991",229
0,"1991",230
0,"1991",231
0,"1991",232
0,"1991",233
0.00419779461749793,"1991",234
0.00990424507975462,"1991",235
0.0147173360523113,"1991",236
0.0185233535908768,"1991",237
0.0212797977034227,"1991",238
0.0227256310689244,"1991",239
0.022723665515011,"1991",240
0.0213743889263136,"1991",241
0.0190286970838844,"1991",242
0.0161980762667779,"1991",243
0.0132327238921074,"1991",244
0.0106255767043402,"1991",245
0.00869792960516635,"1991",246
0.00752483166663288,"1991",247
0.00697104734181654,"1991",248
0.00683624305159794,"1991",249
0.00723528474092353,"1991",250
0.00822649719159441,"1991",251
0.00967680326446171,"1991",252
0.0112394695575932,"1991",253
0.0124470649465,"1991",254
0.013173238318901,"1991",255
0.0136044971830012,"1991",256
0.0137244554559722,"1991",257
0.0132985349852737,"1991",258
0.012359501320257,"1991",259
0.0113306132102391,"1991",260
0.010909138626728,"1991",261
0.0115791168119575,"1991",262
0.0134844142321484,"1991",263
0.0164061628519192,"1991",264
0.0198420442121936,"1991",265
0.0234386806128829,"1991",266
0.0270427480595042,"1991",267
0.0306246448990028,"1991",268
0.676784231870659,"1994",140
0.690261812277167,"1994",141
0.703052810653769,"1994",142
0.714841291431643,"1994",143
0.725552448571752,"1994",144
0.735137143276206,"1994",145
0.743411127138856,"1994",146
0.750285898762633,"1994",147
0.756288335816649,"1994",148
0.761113149620884,"1994",149
0.763320518522297,"1994",150
0.762568567426581,"1994",151
0.759856021107552,"1994",152
0.756476689660652,"1994",153
0.754756661692313,"1994",154
0.756539341239742,"1994",155
0.761918635390725,"1994",156
0.770810456605353,"1994",157
0.78182688080589,"1994",158
0.793119527986992,"1994",159
0.802569311561385,"1994",160
0.808078627032224,"1994",161
0.809227195093645,"1994",162
0.806608909460211,"1994",163
0.800228798994679,"1994",164
0.790204275124028,"1994",165
0.778433413670099,"1994",166
0.767120705718659,"1994",167
0.758175635626365,"1994",168
0.752189077870131,"1994",169
0.748350083082477,"1994",170
0.746700278191593,"1994",171
0.747803781737327,"1994",172
0.751045960608938,"1994",173
0.754654692255124,"1994",174
0.757271890696787,"1994",175
0.757738214122325,"1994",176
0.755103919101886,"1994",177
0.749181451670416,"1994",178
0.739980549022598,"1994",179
0.72733381789342,"1994",180
0.711613251907824,"1994",181
0.694219761390309,"1994",182
0.675922870498469,"1994",183
0.658156000032978,"1994",184
0.642477254152891,"1994",185
0.629896814854309,"1994",186
0.620811478354603,"1994",187
0.614747205364458,"1994",188
0.609346145349479,"1994",189
0.602008912355881,"1994",190
0.591369466671031,"1994",191
0.577238841561909,"1994",192
0.560098138266978,"1994",193
0.541938177129582,"1994",194
0.524628105285367,"1994",195
0.509258830039761,"1994",196
0.496860695469423,"1994",197
0.487250095362075,"1994",198
0.479207278102659,"1994",199
0.471963564012693,"1994",200
0.464766671635664,"1994",201
0.456374762312062,"1994",202
0.445760920601602,"1994",203
0.433335523954652,"1994",204
0.4208155751496,"1994",205
0.409056703814024,"1994",206
0.39737811782991,"1994",207
0.385256215628948,"1994",208
0.371887454821165,"1994",209
0.357746863714536,"1994",210
0.344930146652041,"1994",211
0.334437969843645,"1994",212
0.325877654178587,"1994",213
0.318262936537348,"1994",214
0.310462542497541,"1994",215
0.30074383274315,"1994",216
0.288941528218581,"1994",217
0.274556622479675,"1994",218
0.255334567977101,"1994",219
0.229247526956045,"1994",220
0.195710870018933,"1994",221
0.155584476855566,"1994",222
0.112195179390135,"1994",223
0.0705336098068512,"1994",224
0.0345317513950237,"1994",225
0.00587586908493748,"1994",226
0,"1994",227
0,"1994",228
0,"1994",229
0,"1994",230
0,"1994",231
0,"1994",232
0,"1994",233
0,"1994",234
0,"1994",235
0.00528959508164296,"1994",236
0.0113372792056862,"1994",237
0.0162802220773855,"1994",238
0.019792038798245,"1994",239
0.0216898106306298,"1994",240
0.0220495492434096,"1994",241
0.0212175156590139,"1994",242
0.0197159582210295,"1994",243
0.0179105909312548,"1994",244
0.0163199670724514,"1994",245
0.0152907169736216,"1994",246
0.014919010755883,"1994",247
0.0150858457409547,"1994",248
0.015604803119754,"1994",249
0.016611317186326,"1994",250
0.0181809343912072,"1994",251
0.0201908282641909,"1994",252
0.0222971141035965,"1994",253
0.0240305621766792,"1994",254
0.0252706534293277,"1994",255
0.0262169671410017,"1994",256
0.0268603644043798,"1994",257
0.0269673058737352,"1994",258
0.0265776789281432,"1994",259
0.0261307196013478,"1994",260
0.0263449467167935,"1994",261
0.0277178064269364,"1994",262
0.030395082867875,"1994",263
0.0341478137836761,"1994",264
0.0384541733739768,"1994",265
0.0429439311379776,"1994",266
0.0474520925505402,"1994",267
0.0519419078743191,"1994",268
0.931046408727818,"1995",140
0.941816436123737,"1995",141
0.951926735439918,"1995",142
0.96099189992435,"1995",143
0.968870968306372,"1995",144
0.975410359130013,"1995",145
0.980297598009207,"1995",146
0.983346050169605,"1995",147
0.985033063369099,"1995",148
0.985042084340136,"1995",149
0.981900246459676,"1995",150
0.975297578406554,"1995",151
0.966287967047653,"1995",152
0.956194319650974,"1995",153
0.947376299992673,"1995",154
0.941730913425868,"1995",155
0.939356908815745,"1995",156
0.940187572195162,"1995",157
0.942862059224668,"1995",158
0.94550725531484,"1995",159
0.945980161697861,"1995",160
0.942261046016891,"1995",161
0.933981292110692,"1995",162
0.921714678396521,"1995",163
0.905435981976806,"1995",164
0.885241407055508,"1995",165
0.862985823089054,"1995",166
0.840832066121983,"1995",167
0.820782642176253,"1995",168
0.803575895441503,"1995",169
0.788571614003981,"1995",170
0.77598207813389,"1995",171
0.766511977724795,"1995",172
0.759621484938327,"1995",173
0.753616986926512,"1995",174
0.747205570860485,"1995",175
0.739255721102036,"1995",176
0.72883818017476,"1995",177
0.71575008191088,"1995",178
0.699922158541467,"1995",179
0.681124241379847,"1995",180
0.659678116686085,"1995",181
0.636946661266021,"1995",182
0.613684105819713,"1995",183
0.591349777748366,"1995",184
0.571565214176454,"1995",185
0.555393165604739,"1995",186
0.543233781299863,"1995",187
0.534696799246802,"1995",188
0.52756419100733,"1995",189
0.519302864682534,"1995",190
0.508533530107907,"1995",191
0.495063977954039,"1995",192
0.479384353764136,"1995",193
0.46351254097285,"1995",194
0.449250118352988,"1995",195
0.437554727462759,"1995",196
0.429358650804471,"1995",197
0.424421268912414,"1995",198
0.421480092328313,"1995",199
0.419790921988185,"1995",200
0.41853298443067,"1995",201
0.416403753879917,"1995",202
0.412344044918465,"1995",203
0.406632128967685,"1995",204
0.400832620109902,"1995",205
0.395636224936061,"1995",206
0.390228569110565,"1995",207
0.384035869175701,"1995",208
0.376318835215019,"1995",209
0.367631590919211,"1995",210
0.360194235876558,"1995",211
0.355061979154445,"1995",212
0.351795980657254,"1995",213
0.349286881582807,"1995",214
0.346229641251304,"1995",215
0.340762810322193,"1995",216
0.332570485441262,"1995",217
0.321005140865601,"1995",218
0.303730376166718,"1995",219
0.278667795541958,"1995",220
0.245171432973374,"1995",221
0.20413838586314,"1995",222
0.159042071867743,"1995",223
0.115013363282271,"1995",224
0.0761081440733163,"1995",225
0.0441199839353159,"1995",226
0.0194678001489936,"1995",227
0.00193346805097015,"1995",228
0,"1995",229
0,"1995",230
0,"1995",231
0,"1995",232
0,"1995",233
0,"1995",234
0.00222016561583785,"1995",235
0.00594823712441786,"1995",236
0.00884388124060732,"1995",237
0.0108655003968602,"1995",238
0.0117582063718978,"1995",239
0.0113820542239453,"1995",240
0.00982296587689322,"1995",241
0.00740574433942943,"1995",242
0.00460773499737756,"1995",243
0.00174695376890856,"1995",244
0,"1995",245
0,"1995",246
0,"1995",247
0,"1995",248
0,"1995",249
0,"1995",250
0,"1995",251
0,"1995",252
0,"1995",253
0.00073423578224404,"1995",254
0.00112849431188285,"1995",255
0.00117085955078266,"1995",256
0.000845685531481451,"1995",257
0,"1995",258
0,"1995",259
0,"1995",260
0,"1995",261
0,"1995",262
0,"1995",263
0,"1995",264
0.00112765833672921,"1995",265
0.0037293281490429,"1995",266
0.00632538156058098,"1995",267
0.00889469849103471,"1995",268
0.208731077477541,"1996",140
0.254271439033357,"1996",141
0.29903724265889,"1996",142
0.342822592024265,"1996",143
0.385607672484677,"1996",144
0.427320053022045,"1996",145
0.467663589947771,"1996",146
0.506261362016001,"1996",147
0.543410470950708,"1996",148
0.578526595053766,"1996",149
0.610023444825999,"1996",150
0.637610946336803,"1996",151
0.662398589350841,"1996",152
0.685524458956111,"1996",153
0.709213476479111,"1996",154
0.73535033154822,"1996",155
0.763929259754607,"1996",156
0.794587075682194,"1996",157
0.825777008874563,"1996",158
0.855643756647812,"1996",159
0.882106923589825,"1996",160
0.903110113100993,"1996",161
0.91820806296352,"1996",162
0.928034991634091,"1996",163
0.932743677306718,"1996",164
0.932604505358953,"1996",165
0.929627606521514,"1996",166
0.926176801510043,"1996",167
0.92435859204577,"1996",168
0.925015291326427,"1996",169
0.92767530161786,"1996",170
0.932665591674016,"1996",171
0.940500914086773,"1996",172
0.950446031261867,"1996",173
0.960533569168774,"1996",174
0.969248235743536,"1996",175
0.975269677649157,"1996",176
0.977451874533516,"1996",177
0.975512038379974,"1996",178
0.969557121022199,"1996",179
0.959547707075164,"1996",180
0.945873313958509,"1996",181
0.929871742470418,"1996",182
0.912264334619646,"1996",183
0.894403349355762,"1996",184
0.877777086552994,"1996",185
0.863371512094426,"1996",186
0.851610513067719,"1996",187
0.842052584523808,"1996",188
0.832446444561045,"1996",189
0.820509069694542,"1996",190
0.80524548745299,"1996",191
0.786888969515335,"1996",192
0.766293364670998,"1996",193
0.74555136234797,"1996",194
0.726653070928927,"1996",195
0.710592617273723,"1996",196
0.697990219179165,"1996",197
0.688335034797132,"1996",198
0.680203512384334,"1996",199
0.672606275688897,"1996",200
0.664467896256378,"1996",201
0.654338780450519,"1996",202
0.641125995690013,"1996",203
0.625344815647343,"1996",204
0.608925457612216,"1996",205
0.59294167140723,"1996",206
0.577151324537961,"1996",207
0.561572425554018,"1996",208
0.545773823930522,"1996",209
0.530315232737534,"1996",210
0.51734134336547,"1996",211
0.507788158600298,"1996",212
0.500933257990871,"1996",213
0.495324958660098,"1996",214
0.48954033389232,"1996",215
0.481832501081766,"1996",216
0.472169338173911,"1996",217
0.460031054123153,"1996",218
0.44294691127876,"1996",219
0.418639424379482,"1996",220
0.386497527524033,"1996",221
0.347486458716936,"1996",222
0.305206713866631,"1996",223
0.264889646847708,"1996",224
0.2306471769018,"1996",225
0.204227773746974,"1996",226
0.185965689400071,"1996",227
0.175770517539295,"1996",228
0.173244497657437,"1996",229
0.177463118689296,"1996",230
0.187080612680298,"1996",231
0.200448656746853,"1996",232
0.215646632470752,"1996",233
0.230652359606013,"1996",234
0.244211632437664,"1996",235
0.256123655836521,"1996",236
0.266102038498236,"1996",237
0.273750886575361,"1996",238
0.278351578470521,"1996",239
0.279524768625453,"1996",240
0.277422663018379,"1996",241
0.272740885098503,"1996",242
0.266548437821007,"1996",243
0.25972521415036,"1996",244
0.253430095988973,"1996",245
0.248547092319157,"1996",246
0.24553269290028,"1996",247
0.244454028367892,"1996",248
0.245216210804048,"1996",249
0.248185362994241,"1996",250
0.253573834893325,"1996",251
0.261222614259935,"1996",252
0.270575771926712,"1996",253
0.280849571154208,"1996",254
0.291811563153944,"1996",255
0.303745589722915,"1996",256
0.316605244254967,"1996",257
0.329989988841562,"1996",258
0.343944331887125,"1996",259
0.35915146794876,"1996",260
0.376724894750398,"1996",261
0.397385914566999,"1996",262
0.421242470482749,"1996",263
0.447751668629415,"1996",264
0.47586347533768,"1996",265
0.504758650354997,"1996",266
0.533962225645065,"1996",267
0.563248272665791,"1996",268
0.918242584708538,"1997",140
0.916806243064277,"1997",141
0.914668952514998,"1997",142
0.911465908556027,"1997",143
0.907124498896762,"1997",144
0.901639058263151,"1997",145
0.89494545110201,"1997",146
0.887136870532754,"1997",147
0.878960915936756,"1997",148
0.870330527658714,"1997",149
0.8600031553125,"1997",150
0.847894507038563,"1997",151
0.835212969594704,"1997",152
0.823322112140823,"1997",153
0.814502643273608,"1997",154
0.810522582946194,"1997",155
0.811421158176331,"1997",156
0.817096529538509,"1997",157
0.826131946106106,"1997",158
0.836593471726936,"1997",159
0.846219216048867,"1997",160
0.852768137604121,"1997",161
0.855659184888641,"1997",162
0.85532585971703,"1997",163
0.851647288144657,"1997",164
0.84462286345914,"1997",165
0.836030700991846,"1997",166
0.828000595264313,"1997",167
0.822435924570599,"1997",168
0.819908298905579,"1997",169
0.81957608477136,"1997",170
0.821403285468549,"1997",171
0.825835573048938,"1997",172
0.83214399008024,"1997",173
0.838480739170206,"1997",174
0.843464018325183,"1997",175
0.845901106191181,"1997",176
0.844783445845752,"1997",177
0.839886795140184,"1997",178
0.831193497216841,"1997",179
0.818541125716857,"1997",180
0.802309365808307,"1997",181
0.783879071501055,"1997",182
0.764053419188985,"1997",183
0.744354148681008,"1997",184
0.726478085424287,"1997",185
0.711600750788834,"1997",186
0.700252192254147,"1997",187
0.692135194764825,"1997",188
0.685081633396413,"1997",189
0.676687088388411,"1997",190
0.66570752198325,"1997",191
0.652040144023024,"1997",192
0.636223235242135,"1997",193
0.620304055486305,"1997",194
0.606145378420557,"1997",195
0.594796353231397,"1997",196
0.587232036412826,"1997",197
0.583179425265625,"1997",198
0.581265517084953,"1997",199
0.58054792203492,"1997",200
0.580082323126794,"1997",201
0.578467872185779,"1997",202
0.574505580819343,"1997",203
0.568383334435925,"1997",204
0.561618822469706,"1997",205
0.554919132772639,"1997",206
0.547508971090712,"1997",207
0.538839262211621,"1997",208
0.528148158588038,"1997",209
0.51592861612044,"1997",210
0.504282140462629,"1997",211
0.494214992506528,"1997",212
0.485332727972533,"1997",213
0.476642975764954,"1997",214
0.466948220295226,"1997",215
0.454434712651588,"1997",216
0.43885773452084,"1997",217
0.419634687688954,"1997",218
0.394493344111538,"1997",219
0.361478036214733,"1997",220
0.320073134247979,"1997",221
0.271257703609864,"1997",222
0.218587707747003,"1997",223
0.167319449804195,"1997",224
0.121628445710064,"1997",225
0.0833922872208593,"1997",226
0.0530812386760551,"1997",227
0.0305124338827046,"1997",228
0.0152196354429914,"1997",229
0.0063196474624323,"1997",230
0.00262595725217288,"1997",231
0.00277711398842936,"1997",232
0.005276846089592,"1997",233
0.00859415873748265,"1997",234
0.0117217397430393,"1997",235
0.0144737629175772,"1997",236
0.0166740463837192,"1997",237
0.0182218677503202,"1997",238
0.0188004339067586,"1997",239
0.0182204002055866,"1997",240
0.0165346788863008,"1997",241
0.0140516155994641,"1997",242
0.0112451143368479,"1997",243
0.00843189097988616,"1997",244
0.00607619372210546,"1997",245
0.00447434274272294,"1997",246
0.00367963795580732,"1997",247
0.00353810293329201,"1997",248
0.00383374056502452,"1997",249
0.00466953648522727,"1997",250
0.00609439343710153,"1997",251
0.00796760408611018,"1997",252
0.00993626041418174,"1997",253
0.0115282135398518,"1997",254
0.0126148689988591,"1997",255
0.0133826613824258,"1997",256
0.0138156799132446,"1997",257
0.013680109495989,"1997",258
0.013010867678951,"1997",259
0.0122348723371669,"1997",260
0.0120540257503231,"1997",261
0.0129564521199224,"1997",262
0.015089036636601,"1997",263
0.0182346759514121,"1997",264
0.021891699699359,"1997",265
0.0257073956793141,"1997",266
0.0295292471133279,"1997",267
0.0333283896643654,"1997",268
0.616498334731645,"1998",140
0.622282940066528,"1998",141
0.62733293994719,"1998",142
0.631240291538308,"1998",143
0.633897630984025,"1998",144
0.635317656510363,"1998",145
0.635484718142617,"1998",146
0.634495279315623,"1998",147
0.633058615975493,"1998",148
0.631027486204316,"1998",149
0.627047903458069,"1998",150
0.62089389944601,"1998",151
0.613655809042427,"1998",152
0.606605066522913,"1998",153
0.60195644565139,"1998",154
0.601442181874505,"1998",155
0.605108849976504,"1998",156
0.612896614859543,"1998",157
0.623461842382537,"1998",158
0.634983177298226,"1998",159
0.645322140284976,"1998",160
0.652305272453588,"1998",161
0.655378514449966,"1998",162
0.655052944418265,"1998",163
0.651334110047846,"1998",164
0.644323756544705,"1998",165
0.635874663155279,"1998",166
0.62818685856653,"1998",167
0.623194042531099,"1998",168
0.621505500372259,"1998",169
0.6223267386153,"1998",170
0.625704170629067,"1998",171
0.632236474511131,"1998",172
0.641312497243959,"1998",173
0.651092667411107,"1998",174
0.660184484428438,"1998",175
0.6674229436757,"1998",176
0.671799403897986,"1998",177
0.673139121588342,"1998",178
0.671583716154986,"1998",179
0.667101574477865,"1998",180
0.660102184023948,"1998",181
0.651971705214621,"1998",182
0.643437886077123,"1998",183
0.635834367307215,"1998",184
0.630601165603756,"1998",185
0.628652936708884,"1998",186
0.630315416264585,"1998",187
0.635026067104334,"1998",188
0.640297686485659,"1998",189
0.643479142150943,"1998",190
0.643170949629937,"1998",191
0.6392018987906,"1998",192
0.632021877398365,"1998",193
0.623575120977423,"1998",194
0.615635443602644,"1998",195
0.609257887749653,"1998",196
0.605446666294045,"1998",197
0.60400155909484,"1998",198
0.603607151858078,"1998",199
0.603274105828387,"1998",200
0.602081965997912,"1998",201
0.598703324632894,"1998",202
0.592070624338755,"1998",203
0.582570097791541,"1998",204
0.571950287331824,"1998",205
0.561238718140809,"1998",206
0.549952916510995,"1998",207
0.537713585538629,"1998",208
0.523850277935184,"1998",209
0.508887891559067,"1998",210
0.494925002586921,"1998",211
0.482999313572244,"1998",212
0.472706895718944,"1998",213
0.463048996368367,"1998",214
0.452844628388722,"1998",215
0.440281265708946,"1998",216
0.425096971955233,"1998",217
0.406664285424667,"1998",218
0.382629479755366,"1998",219
0.350972416013787,"1998",220
0.311118617630041,"1998",221
0.263856617752789,"1998",222
0.21251258041077,"1998",223
0.162229782094641,"1998",224
0.117174071224834,"1998",225
0.0792400528372642,"1998",226
0.0489287092506169,"1998",227
0.0260726120188443,"1998",228
0.0102342450185518,"1998",229
0.000566752557826687,"1998",230
0,"1998",231
0,"1998",232
0,"1998",233
0,"1998",234
0.000317360236369978,"1998",235
0.00184485712901284,"1998",236
0.00284988353210437,"1998",237
0.00328445303403041,"1998",238
0.00289230949191065,"1998",239
0.00152205755760693,"1998",240
0,"1998",241
0,"1998",242
0,"1998",243
0,"1998",244
0,"1998",245
0,"1998",246
0,"1998",247
0,"1998",248
0,"1998",249
0,"1998",250
0,"1998",251
0,"1998",252
0,"1998",253
0,"1998",254
0,"1998",255
0,"1998",256
0,"1998",257
0,"1998",258
0,"1998",259
0,"1998",260
0,"1998",261
0,"1998",262
0,"1998",263
0,"1998",264
0,"1998",265
0,"1998",266
0,"1998",267
0,"1998",268
0.580575267553213,"1999",140
0.590277233858588,"1999",141
0.599227345974299,"1999",142
0.606989110877823,"1999",143
0.613424770858888,"1999",144
0.618525632958877,"1999",145
0.6222777717848,"1999",146
0.624770804453066,"1999",147
0.626717492042371,"1999",148
0.62799094095389,"1999",149
0.627258475751453,"1999",150
0.624359785579391,"1999",151
0.620443057490756,"1999",152
0.616743097296462,"1999",153
0.615400345928008,"1999",154
0.618089522837308,"1999",155
0.624820491284004,"1999",156
0.635527738552475,"1999",157
0.648886039135223,"1999",158
0.663102479985459,"1999",159
0.676054494126025,"1999",160
0.685573636030934,"1999",161
0.691077728200506,"1999",162
0.693057326773995,"1999",163
0.691528797860435,"1999",164
0.686602611870676,"1999",165
0.680116796950616,"1999",166
0.674269749258263,"1999",167
0.671024086917546,"1999",168
0.671021764863582,"1999",169
0.673517707012421,"1999",170
0.678598192928266,"1999",171
0.686853821707928,"1999",172
0.697640636737188,"1999",173
0.709056452752518,"1999",174
0.719673916018894,"1999",175
0.728284835589752,"1999",176
0.733824739310872,"1999",177
0.736093757360788,"1999",178
0.73525933754035,"1999",179
0.731329579389948,"1999",180
0.72473031829533,"1999",181
0.716848215599956,"1999",182
0.708440201616277,"1999",183
0.700875093441484,"1999",184
0.695635540288415,"1999",185
0.693670779938936,"1999",186
0.695324375019567,"1999",187
0.700058670899496,"1999",188
0.705426402274197,"1999",189
0.708859376728663,"1999",190
0.709019687327855,"1999",191
0.705781005836338,"1999",192
0.699615873467279,"1999",193
0.692471834998229,"1999",194
0.686139697254452,"1999",195
0.681678327341023,"1999",196
0.680055860309964,"1999",197
0.681030486855256,"1999",198
0.683236108306067,"1999",199
0.685611495446012,"1999",200
0.687142632544179,"1999",201
0.686420334229364,"1999",202
0.682280428105759,"1999",203
0.675006989585302,"1999",204
0.666274130600742,"1999",205
0.657070375907088,"1999",206
0.64691914819773,"1999",207
0.635470213056249,"1999",208
0.622101027451703,"1999",209
0.607361910420011,"1999",210
0.593367646437903,"1999",211
0.581163707453344,"1999",212
0.570306546129798,"1999",213
0.559734263307019,"1999",214
0.548209546022189,"1999",215
0.533901487851585,"1999",216
0.516543054465176,"1999",217
0.495475765317635,"1999",218
0.468308193366185,"1999",219
0.433029157117433,"1999",220
0.389107221674567,"1999",221
0.337386709633121,"1999",222
0.281309219132687,"1999",223
0.226165064617615,"1999",224
0.176263046109202,"1999",225
0.133605758702363,"1999",226
0.0987835314770687,"1999",227
0.0717094532602294,"1999",228
0.0520152690018464,"1999",229
0.0388943081326064,"1999",230
0.0312090620429646,"1999",231
0.0276227391845466,"1999",232
0.0266423643369469,"1999",233
0.0267203753040921,"1999",234
0.0268199017230359,"1999",235
0.0267431763488671,"1999",236
0.0263082273851039,"1999",237
0.0254368698820184,"1999",238
0.0238356315921493,"1999",239
0.0213265508453632,"1999",240
0.0179623277347663,"1999",241
0.0140409416404333,"1999",242
0.0100183149373045,"1999",243
0.00619048550923251,"1999",244
0.00299669936142052,"1999",245
0.000708556730269797,"1999",246
0,"1999",247
0,"1999",248
0,"1999",249
0,"1999",250
0.000455218604803151,"1999",251
0.00214134892706077,"1999",252
0.00395584274589566,"1999",253
0.00542057612794694,"1999",254
0.00639896388524474,"1999",255
0.00706752139260676,"1999",256
0.00740367272962405,"1999",257
0.00717026183170365,"1999",258
0.00639715215875697,"1999",259
0.00550329096428873,"1999",260
0.00518105070162613,"1999",261
0.0059126648906687,"1999",262
0.00784414904186538,"1999",263
0.0107626716493107,"1999",264
0.014174834763431,"1999",265
0.0177352413522401,"1999",266
0.0212966152808275,"1999",267
0.0248334247039806,"1999",268
0.562206670863854,"2000",140
0.563980457895379,"2000",141
0.56500828898867,"2000",142
0.564986612006625,"2000",143
0.563907163071885,"2000",144
0.561888173798473,"2000",145
0.559008506395108,"2000",146
0.555454472981366,"2000",147
0.551997325355247,"2000",148
0.548496788165659,"2000",149
0.543652855374989,"2000",150
0.537201180183266,"2000",151
0.530179874604012,"2000",152
0.523917003598009,"2000",153
0.520710597983965,"2000",154
0.522334547777015,"2000",155
0.528901483356845,"2000",156
0.54035710194631,"2000",157
0.555312896938337,"2000",158
0.571915355139819,"2000",159
0.587991114523838,"2000",160
0.601263144555198,"2000",161
0.611152007434916,"2000",162
0.618159579290382,"2000",163
0.622231838835214,"2000",164
0.62341663939524,"2000",165
0.623567559242984,"2000",166
0.624871326761082,"2000",167
0.629098541352884,"2000",168
0.636636386031245,"2000",169
0.646421544871941,"2000",170
0.658234401434104,"2000",171
0.672447726513377,"2000",172
0.68834102420077,"2000",173
0.704062910981739,"2000",174
0.718217059719745,"2000",175
0.729669892481796,"2000",176
0.73748770001035,"2000",177
0.741537519426823,"2000",178
0.741944882705527,"2000",179
0.738642306597308,"2000",180
0.732068475577753,"2000",181
0.723637540056235,"2000",182
0.714086324050905,"2000",183
0.704772101728511,"2000",184
0.697159360709607,"2000",185
0.692211516059775,"2000",186
0.69033124062526,"2000",187
0.690964349220126,"2000",188
0.691577667569561,"2000",189
0.68946243741002,"2000",190
0.683217075393076,"2000",191
0.672638062750808,"2000",192
0.658169002399696,"2000",193
0.641754142515761,"2000",194
0.625250879046089,"2000",195
0.609831304311455,"2000",196
0.596617623427525,"2000",197
0.585491498824545,"2000",198
0.575246061625207,"2000",199
0.565008803377672,"2000",200
0.554044983910044,"2000",201
0.541172669547485,"2000",202
0.525434713554104,"2000",203
0.507398566890418,"2000",204
0.488963909316777,"2000",205
0.471232345070384,"2000",206
0.453732870727643,"2000",207
0.43603676639113,"2000",208
0.417318387729442,"2000",209
0.397978924304717,"2000",210
0.379969641616838,"2000",211
0.364222456533049,"2000",212
0.350375149883985,"2000",213
0.337549240761734,"2000",214
0.324732387981878,"2000",215
0.310238009585172,"2000",216
0.293969252862776,"2000",217
0.275513186586586,"2000",218
0.252688478889908,"2000",219
0.223540167792059,"2000",220
0.18752615288553,"2000",221
0.145435787460956,"2000",222
0.100453091448598,"2000",223
0.0574902724937526,"2000",224
0.0204467942339926,"2000",225
0,"2000",226
0,"2000",227
0,"2000",228
0,"2000",229
0,"2000",230
0,"2000",231
0,"2000",232
0,"2000",233
0,"2000",234
0,"2000",235
0,"2000",236
0,"2000",237
0.00142928305632246,"2000",238
0.00548651242424031,"2000",239
0.00798825012325948,"2000",240
0.00899559290947541,"2000",241
0.00883270584970632,"2000",242
0.00799498269531967,"2000",243
0.00682474088859103,"2000",244
0.00581428630802296,"2000",245
0.00528939219512772,"2000",246
0.00533323281293925,"2000",247
0.00582129298585446,"2000",248
0.00656590798681071,"2000",249
0.00769657569163455,"2000",250
0.0092867653250369,"2000",251
0.0112182469926534,"2000",252
0.0131583928153031,"2000",253
0.014653044714087,"2000",254
0.0155890728395867,"2000",255
0.0161659431648734,"2000",256
0.0163787523359519,"2000",257
0.0160028217191548,"2000",258
0.0150802225619341,"2000",259
0.0140431517667064,"2000",260
0.0135971688436658,"2000",261
0.0142329035142342,"2000",262
0.016098865036131,"2000",263
0.0189789089743269,"2000",264
0.0223718218389615,"2000",265
0.025924811373578,"2000",266
0.0294849274823757,"2000",267
0.0330227753893926,"2000",268
0.931403532026143,"2001",140
0.927342590317042,"2001",141
0.922581041598157,"2001",142
0.916720502937098,"2001",143
0.90967250329229,"2001",144
0.901419760971501,"2001",145
0.891887163152876,"2001",146
0.881156386338755,"2001",147
0.869965293925567,"2001",148
0.858193723049725,"2001",149
0.844522247115384,"2001",150
0.828799671241173,"2001",151
0.812202650590156,"2001",152
0.796095866838951,"2001",153
0.782811591817747,"2001",154
0.774200684603128,"2001",155
0.770359269815051,"2001",156
0.771231206368516,"2001",157
0.775454530097514,"2001",158
0.781126284100756,"2001",159
0.786010675994862,"2001",160
0.787923641489502,"2001",161
0.786326253820881,"2001",162
0.781676541796683,"2001",163
0.773870490070774,"2001",164
0.762916060697769,"2001",165
0.750593076966694,"2001",166
0.739030664985948,"2001",167
0.73016652342901,"2001",168
0.72462474476288,"2001",169
0.721597802162123,"2001",170
0.721082529172381,"2001",171
0.723563967483694,"2001",172
0.728322120204448,"2001",173
0.733509760639026,"2001",174
0.737732173254747,"2001",175
0.739785775068187,"2001",176
0.738629469859045,"2001",177
0.734020100402226,"2001",178
0.725939454388092,"2001",179
0.714213115149748,"2001",180
0.699191101898406,"2001",181
0.682230397866163,"2001",182
0.66409845807304,"2001",183
0.646270899820377,"2001",184
0.630407094706608,"2001",185
0.617661803679479,"2001",186
0.608567750974126,"2001",187
0.602845273596982,"2001",188
0.59833045353453,"2001",189
0.592597434542028,"2001",190
0.584375052053294,"2001",191
0.573577879585618,"2001",192
0.560773315927523,"2001",193
0.548024048313813,"2001",194
0.537138405359208,"2001",195
0.529091653099582,"2001",196
0.524816704306813,"2001",197
0.524023626578689,"2001",198
0.525292472019968,"2001",199
0.527609817767988,"2001",200
0.529952590585077,"2001",201
0.530895015246406,"2001",202
0.529270646185453,"2001",203
0.525285031629946,"2001",204
0.520477586573668,"2001",205
0.515625849978839,"2001",206
0.51003651952267,"2001",207
0.503246208377181,"2001",208
0.494597781754188,"2001",209
0.484653043671209,"2001",210
0.475573746902963,"2001",211
0.468400405164787,"2001",212
0.462731798234824,"2001",213
0.457528707714578,"2001",214
0.451507612846915,"2001",215
0.442762640052278,"2001",216
0.430942570185003,"2001",217
0.415364167003616,"2001",218
0.393682684290543,"2001",219
0.363868786490804,"2001",220
0.325313097292422,"2001",221
0.278908960704718,"2001",222
0.228165888603696,"2001",223
0.178331779106269,"2001",224
0.133604960973763,"2001",225
0.0958931314731379,"2001",226
0.0657146664600846,"2001",227
0.0429281296078032,"2001",228
0.027126171282634,"2001",229
0.0174827660951612,"2001",230
0.0128597432924244,"2001",231
0.0119357078668397,"2001",232
0.0132468436625204,"2001",233
0.015284703161541,"2001",234
0.0170505490705015,"2001",235
0.0183765335131728,"2001",236
0.0191123476296898,"2001",237
0.0192101512058684,"2001",238
0.0184086024681485,"2001",239
0.0165575551861634,"2001",240
0.0137307849913606,"2001",241
0.0102401096236872,"2001",242
0.00654946781176834,"2001",243
0.00296223995626335,"2001",244
0,"2001",245
0,"2001",246
0,"2001",247
0,"2001",248
0,"2001",249
0,"2001",250
0,"2001",251
0,"2001",252
0,"2001",253
0.00067831690674092,"2001",254
0.00126380812300655,"2001",255
0.00151808801666619,"2001",256
0.00142051976952463,"2001",257
0.000738311678447692,"2001",258
0,"2001",259
0,"2001",260
0,"2001",261
0,"2001",262
0,"2001",263
0.00108860687604887,"2001",264
0.00385353749686488,"2001",265
0.00675488795206833,"2001",266
0.00965164438255658,"2001",267
0.0125219570627052,"2001",268
0.398374600383517,"2002",140
0.424833075783653,"2002",141
0.45051786713151,"2002",142
0.475003096367658,"2002",143
0.498104428869446,"2002",144
0.519765289421924,"2002",145
0.539910574400761,"2002",146
0.558521315855567,"2002",147
0.576181137447054,"2002",148
0.59269307089351,"2002",149
0.606732274029328,"2002",150
0.618142273012408,"2002",151
0.628052557771713,"2002",152
0.637612916126328,"2002",153
0.648816171235287,"2002",154
0.663190865214536,"2002",155
0.680661979519403,"2002",156
0.701110761772093,"2002",157
0.723182880400223,"2002",158
0.745137713868939,"2002",159
0.76492894018274,"2002",160
0.780404357826306,"2002",161
0.790989580080371,"2002",162
0.797218151635165,"2002",163
0.799185613166103,"2002",164
0.7970879918687,"2002",165
0.792833951070087,"2002",166
0.788666303749946,"2002",167
0.786540705419757,"2002",168
0.787093313492719,"2002",169
0.789637344588395,"2002",170
0.794355263971408,"2002",171
0.801932750212514,"2002",172
0.811831075826899,"2002",173
0.822199819622346,"2002",174
0.831658696617607,"2002",175
0.839055430529911,"2002",176
0.843431165454212,"2002",177
0.844671992784943,"2002",178
0.843023222237444,"2002",179
0.838589160784353,"2002",180
0.831862018338142,"2002",181
0.824260247026979,"2002",182
0.816552179608633,"2002",183
0.810084822357716,"2002",184
0.806258653329315,"2002",185
0.805902895582568,"2002",186
0.809211321901039,"2002",187
0.815450078871949,"2002",188
0.822003097196262,"2002",189
0.826194513706646,"2002",190
0.826625893005431,"2002",191
0.823083606140604,"2002",192
0.815917801530034,"2002",193
0.806953280282349,"2002",194
0.797986521214116,"2002",195
0.790157234966691,"2002",196
0.784469387444058,"2002",197
0.780713566049162,"2002",198
0.77764414258446,"2002",199
0.774358171085662,"2002",200
0.770015739191491,"2002",201
0.763311001344956,"2002",202
0.753133743759223,"2002",203
0.739875769540847,"2002",204
0.725316711830043,"2002",205
0.710486173207288,"2002",206
0.694938815674234,"2002",207
0.67831141934693,"2002",208
0.659899829184826,"2002",209
0.640201107378175,"2002",210
0.621281733196958,"2002",211
0.604146288586914,"2002",212
0.588292602597912,"2002",213
0.572631094548124,"2002",214
0.555994618221017,"2002",215
0.536678170632608,"2002",216
0.514567963015498,"2002",217
0.489137231064762,"2002",218
0.458044625846983,"2002",219
0.419331191325432,"2002",220
0.372590262666415,"2002",221
0.318735077943541,"2002",222
0.261193769528828,"2002",223
0.205216323361885,"2002",224
0.155060888950441,"2002",225
0.112679232268111,"2002",226
0.0785894047944187,"2002",227
0.0526462001574487,"2002",228
0.0344008597005123,"2002",229
0.0229698611351345,"2002",230
0.0171519431029814,"2002",231
0.015558406384924,"2002",232
0.0166548276551566,"2002",233
0.0188660430116157,"2002",234
0.0211488249933555,"2002",235
0.0232871406456102,"2002",236
0.0250688028867067,"2002",237
0.0263459068216021,"2002",238
0.0267505461563561,"2002",239
0.0260540052996895,"2002",240
0.0242852884255797,"2002",241
0.0217443893643421,"2002",242
0.0189089000238227,"2002",243
0.01610055367309,"2002",244
0.0137971600509655,"2002",245
0.0123063889174954,"2002",246
0.0116870622901954,"2002",247
0.0117848250040603,"2002",248
0.0123808646786809,"2002",249
0.0135835064985703,"2002",250
0.015444156191507,"2002",251
0.0178179071712448,"2002",252
0.0203406195236906,"2002",253
0.0225250885841281,"2002",254
0.0242377756686959,"2002",255
0.0256698339823176,"2002",256
0.0268049057160948,"2002",257
0.027403064001225,"2002",258
0.0275012806580836,"2002",259
0.0275397357881248,"2002",260
0.0282406416151393,"2002",261
0.0301045172630483,"2002",262
0.0332784796174664,"2002",263
0.0375327712104415,"2002",264
0.0423429839801627,"2002",265
0.047337099488633,"2002",266
0.0523494380332096,"2002",267
0.0573432179997739,"2002",268
0.803410522186167,"2003",140
0.800681130817685,"2003",141
0.797263554001979,"2003",142
0.79282489707862,"2003",143
0.787328793924762,"2003",144
0.780793586026681,"2003",145
0.773149597226076,"2003",146
0.764466032101856,"2003",147
0.75543560771973,"2003",148
0.745858566000651,"2003",149
0.734329020832686,"2003",150
0.720530283064429,"2003",151
0.705493816180548,"2003",152
0.690585630763997,"2003",153
0.678224253867136,"2003",154
0.670337571966767,"2003",155
0.667084556074505,"2003",156
0.668436773286312,"2003",157
0.673040482725536,"2003",158
0.679013515638321,"2003",159
0.684170719811345,"2003",160
0.68636172584489,"2003",161
0.685121883688233,"2003",162
0.680993086307002,"2003",163
0.673910940719354,"2003",164
0.663915982827663,"2003",165
0.652846647802368,"2003",166
0.6428663179829,"2003",167
0.635857663207089,"2003",168
0.63236716488404,"2003",169
0.631487355014141,"2003",170
0.633127165616682,"2003",171
0.637729538804812,"2003",172
0.644569755677593,"2003",173
0.651815421542975,"2003",174
0.658057909928401,"2003",175
0.662089205443333,"2003",176
0.662872675109583,"2003",177
0.660160625061268,"2003",178
0.653929644652698,"2003",179
0.64396792871918,"2003",180
0.630612819974496,"2003",181
0.615244472711603,"2003",182
0.598621035412459,"2003",183
0.582184866591601,"2003",184
0.567548677267213,"2003",185
0.555822988815835,"2003",186
0.547526682126173,"2003",187
0.542312149497704,"2003",188
0.537896956246741,"2003",189
0.531723311125536,"2003",190
0.522452897973987,"2003",191
0.509950810382971,"2003",192
0.494772387470248,"2003",193
0.478987516943659,"2003",194
0.464454295908993,"2003",195
0.452221343778091,"2003",196
0.44331818377515,"2003",197
0.437549206288219,"2003",198
0.433595332875403,"2003",199
0.43053339823173,"2003",200
0.427476219032809,"2003",201
0.423109224409731,"2003",202
0.416372425851387,"2003",203
0.407617056047115,"2003",204
0.39851074788468,"2003",205
0.389930834785513,"2003",206
0.38122213287513,"2003",207
0.371898074878524,"2003",208
0.361218292077305,"2003",209
0.349684963922242,"2003",210
0.339399766617046,"2003",211
0.331377919485415,"2003",212
0.325278642059352,"2003",213
0.320166130690057,"2003",214
0.314881342948936,"2003",215
0.307600859875347,"2003",216
0.298050450702768,"2003",217
0.285647024397609,"2003",218
0.268113864685223,"2003",219
0.243407704064304,"2003",220
0.210871464729185,"2003",221
0.171302499232615,"2003",222
0.128008748583042,"2003",223
0.0860008394567866,"2003",224
0.0492523148301484,"2003",225
0.0194937219836535,"2003",226
0,"2003",227
0,"2003",228
0,"2003",229
0,"2003",230
0,"2003",231
0,"2003",232
0,"2003",233
0,"2003",234
0,"2003",235
0,"2003",236
0.00335843193627898,"2003",237
0.00643933297228318,"2003",238
0.00828267564346498,"2003",239
0.00874781832355619,"2003",240
0.00792290274070773,"2003",241
0.00613723906437399,"2003",242
0.00387437564349222,"2003",243
0.00145963242187317,"2003",244
0,"2003",245
0,"2003",246
0,"2003",247
0,"2003",248
0,"2003",249
0,"2003",250
0,"2003",251
0,"2003",252
0.000849171241321769,"2003",253
0.00175660859639082,"2003",254
0.00211665820455513,"2003",255
0.00211457606494748,"2003",256
0.00173770141979291,"2003",257
0.00076048099660448,"2003",258
0,"2003",259
0,"2003",260
0,"2003",261
0,"2003",262
0,"2003",263
0,"2003",264
0.00155042539833949,"2003",265
0.00409680758746999,"2003",266
0.00663802765587437,"2003",267
0.00915269595543191,"2003",268
0.617070451672376,"2004",140
0.615262112681496,"2004",141
0.612671176524073,"2004",142
0.608863543399487,"2004",143
0.60374199179589,"2004",144
0.597399298853255,"2004",145
0.589985495626397,"2004",146
0.581785671157467,"2004",147
0.573695130916731,"2004",148
0.565724137457261,"2004",149
0.556667150037367,"2004",150
0.546459770434197,"2004",151
0.53631847503148,"2004",152
0.527537518227197,"2004",153
0.522261019946376,"2004",154
0.522136788333661,"2004",155
0.527194250078388,"2004",156
0.537393745603414,"2004",157
0.551409423170033,"2004",158
0.56742479483725,"2004",159
0.58325296818326,"2004",160
0.596593270921598,"2004",161
0.606750094884425,"2004",162
0.614128379320849,"2004",163
0.618660461024745,"2004",164
0.620365838675357,"2004",165
0.621022569189028,"2004",166
0.622790488209481,"2004",167
0.627532936425702,"2004",168
0.635744019422509,"2004",169
0.64649404746344,"2004",170
0.659661294317786,"2004",171
0.675660093653019,"2004",172
0.693731972624123,"2004",173
0.711917932534908,"2004",174
0.728765447684009,"2004",175
0.74306847110187,"2004",176
0.75376771395061,"2004",177
0.760678230250004,"2004",178
0.763986407814053,"2004",179
0.763720621528072,"2004",180
0.760337586893342,"2004",181
0.755236567615959,"2004",182
0.749186202540576,"2004",183
0.743577731558117,"2004",184
0.739922598713956,"2004",185
0.73923360011207,"2004",186
0.741933478065073,"2004",187
0.747530655546484,"2004",188
0.753571100455447,"2004",189
0.757488049186212,"2004",190
0.757966271141956,"2004",191
0.754887968957941,"2004",192
0.748720286606519,"2004",193
0.74140838445725,"2004",194
0.734740699020884,"2004",195
0.729805081119881,"2004",196
0.727607211104839,"2004",197
0.727900771285691,"2004",198
0.729270900245915,"2004",199
0.730564013900967,"2004",200
0.730741952406642,"2004",201
0.728394767808423,"2004",202
0.722355325479594,"2004",203
0.712944878779829,"2004",204
0.701888112225555,"2004",205
0.69024895285102,"2004",206
0.677609597603905,"2004",207
0.663639490428093,"2004",208
0.647683042092848,"2004",209
0.630248863857153,"2004",210
0.61337920820964,"2004",211
0.598089330623095,"2004",212
0.583996610992554,"2004",213
0.570151502535661,"2004",214
0.555410142575109,"2004",215
0.537979011103253,"2004",216
0.517636107693936,"2004",217
0.49378522158276,"2004",218
0.464099268511111,"2004",219
0.426619945382338,"2004",220
0.38083507653229,"2004",221
0.327569554768233,"2004",222
0.270212004278386,"2004",223
0.214021086857522,"2004",224
0.163281351706106,"2004",225
0.119975731527428,"2004",226
0.0846705930138439,"2004",227
0.0572477015987009,"2004",228
0.037303941936145,"2004",229
0.0240058127150502,"2004",230
0.0161999472194165,"2004",231
0.0125447926707284,"2004",232
0.0115537970473389,"2004",233
0.0116940441670334,"2004",234
0.0119367150058155,"2004",235
0.0120771415553296,"2004",236
0.011928999241467,"2004",237
0.0114096118565563,"2004",238
0.0102259695682762,"2004",239
0.0081959822380881,"2004",240
0.00536030663943273,"2004",241
0.00199660757179477,"2004",242
0,"2004",243
0,"2004",244
0,"2004",245
0,"2004",246
0,"2004",247
0,"2004",248
0,"2004",249
0,"2004",250
0,"2004",251
0,"2004",252
0,"2004",253
0,"2004",254
0,"2004",255
0,"2004",256
0,"2004",257
0,"2004",258
0,"2004",259
0,"2004",260
0,"2004",261
0,"2004",262
0,"2004",263
0,"2004",264
0,"2004",265
0,"2004",266
0.00257646473011008,"2004",267
0.0051305646989317,"2004",268
0.504767547481621,"2005",140
0.523411149527838,"2005",141
0.541330446109535,"2005",142
0.558186091931472,"2005",143
0.573877554462368,"2005",144
0.588367735783469,"2005",145
0.601531112153243,"2005",146
0.613319357137121,"2005",147
0.624286324539556,"2005",148
0.634152806689077,"2005",149
0.641496562872939,"2005",150
0.645989413860688,"2005",151
0.648628276051199,"2005",152
0.650643249262609,"2005",153
0.654249699838517,"2005",154
0.661187667206413,"2005",155
0.671507142803194,"2005",156
0.685122841541038,"2005",157
0.700668994542403,"2005",158
0.716354573757172,"2005",159
0.730110511928737,"2005",160
0.739830678243677,"2005",161
0.745057197570136,"2005",162
0.74639334510199,"2005",163
0.743906927989038,"2005",164
0.737764704240492,"2005",165
0.729892387141731,"2005",166
0.722522885693193,"2005",167
0.717558495332122,"2005",168
0.715568575135315,"2005",169
0.715742400948696,"2005",170
0.718134109947196,"2005",171
0.723334989771985,"2005",172
0.730756783588565,"2005",173
0.738595349215084,"2005",174
0.74547427865712,"2005",175
0.750228889150104,"2005",176
0.751893232153725,"2005",177
0.750303436430533,"2005",178
0.745574297036179,"2005",179
0.737645756198269,"2005",180
0.726938495008125,"2005",181
0.71486509748408,"2005",182
0.702184676326277,"2005",183
0.690272915830532,"2005",184
0.680596550043849,"2005",185
0.67407127615473,"2005",186
0.671006773010456,"2005",187
0.67080051178155,"2005",188
0.67094089411154,"2005",189
0.668752709051947,"2005",190
0.662839383705886,"2005",191
0.65299578351137,"2005",192
0.639653156106202,"2005",193
0.624739390793374,"2005",194
0.610108745737584,"2005",195
0.596894185574865,"2005",196
0.586146679539677,"2005",197
0.577709681340199,"2005",198
0.570386382420091,"2005",199
0.563366842797154,"2005",200
0.555897951708203,"2005",201
0.54674428496652,"2005",202
0.534880564868382,"2005",203
0.520760626619121,"2005",204
0.506174585455136,"2005",205
0.492099973043324,"2005",206
0.477983234510048,"2005",207
0.463368273484996,"2005",208
0.447473611212963,"2005",209
0.430764028956062,"2005",210
0.415296681663569,"2005",211
0.402061739476272,"2005",212
0.39063812870897,"2005",213
0.380026006843663,"2005",214
0.369114019238708,"2005",215
0.356200191740318,"2005",216
0.341156329109142,"2005",217
0.32349442382315,"2005",218
0.300939234425205,"2005",219
0.271482154029213,"2005",220
0.23459240760325,"2005",221
0.191114241181098,"2005",222
0.144348271146461,"2005",223
0.0993159412842858,"2005",224
0.0600165993764372,"2005",225
0.0281944772344047,"2005",226
0.0041965373406559,"2005",227
0,"2005",228
0,"2005",229
0,"2005",230
0,"2005",231
0,"2005",232
0,"2005",233
0,"2005",234
0.00194108956383459,"2005",235
0.00797697673781696,"2005",236
0.0131676164419931,"2005",237
0.0173940582672491,"2005",238
0.0203171712241662,"2005",239
0.0217409397772186,"2005",240
0.0217284858097171,"2005",241
0.0206137449722175,"2005",242
0.0189073709906245,"2005",243
0.0169640776815146,"2005",244
0.0152924174460914,"2005",245
0.0142297762097736,"2005",246
0.0138637883715468,"2005",247
0.0140676576371278,"2005",248
0.0146480344097694,"2005",249
0.0157346188439247,"2005",250
0.0173980160446309,"2005",251
0.0195110700488986,"2005",252
0.0217261045195716,"2005",253
0.023570672675771,"2005",254
0.0249220036768891,"2005",255
0.025978301868758,"2005",256
0.026729364975693,"2005",257
0.0269408168453745,"2005",258
0.0266523307748253,"2005",259
0.0263035930480531,"2005",260
0.0266140436310142,"2005",261
0.0280819708098765,"2005",262
0.0308537298394798,"2005",263
0.0347005829721719,"2005",264
0.0391006221741707,"2005",265
0.0436836230386329,"2005",266
0.0482847200715495,"2005",267
0.052867330091388,"2005",268
0.875965453447261,"2006",140
0.854157246768244,"2006",141
0.831592506343962,"2006",142
0.807902716939049,"2006",143
0.783092929666532,"2006",144
0.757358200619045,"2006",145
0.730956926577663,"2006",146
0.704345386556424,"2006",147
0.678596854070949,"2006",148
0.653839824885281,"2006",149
0.628990828558519,"2006",150
0.604063701481576,"2006",151
0.580339500651459,"2006",152
0.559266487245506,"2006",153
0.543138327275985,"2006",154
0.533690127543004,"2006",155
0.531021872740847,"2006",156
0.535113544087181,"2006",157
0.544581822937738,"2006",158
0.557483022547387,"2006",159
0.571482806592317,"2006",160
0.584141809278393,"2006",161
0.594706052933128,"2006",162
0.603498091558824,"2006",163
0.610299964748389,"2006",164
0.614989823277188,"2006",165
0.619259939414996,"2006",166
0.625193477391349,"2006",167
0.634528369838904,"2006",168
0.647587873462694,"2006",169
0.663198331117228,"2006",170
0.680964451047143,"2006",171
0.70105509190798,"2006",172
0.722556874403558,"2006",173
0.743496356822374,"2006",174
0.762423956594212,"2006",175
0.778154846359167,"2006",176
0.789663208069863,"2006",177
0.796748820359975,"2006",178
0.799478088477105,"2006",179
0.797750862667323,"2006",180
0.791984819954172,"2006",181
0.783560456643756,"2006",182
0.773251872148091,"2006",183
0.762523730496349,"2006",184
0.753020380525476,"2006",185
0.745935118108794,"2006",186
0.74188550540032,"2006",187
0.740587420892354,"2006",188
0.739768855210256,"2006",189
0.736958423236836,"2006",190
0.730905823224384,"2006",191
0.721522485654821,"2006",192
0.7093460471995,"2006",193
0.696419314647807,"2006",194
0.684579390935484,"2006",195
0.674929926839089,"2006",196
0.668534054277963,"2006",197
0.665163940035821,"2006",198
0.663381684626308,"2006",199
0.662024485657988,"2006",200
0.660066853212994,"2006",201
0.656109773609296,"2006",202
0.648976629972053,"2006",203
0.638963758055168,"2006",204
0.627744561145661,"2006",205
0.616289534631691,"2006",206
0.60405079256694,"2006",207
0.590597249197667,"2006",208
0.575174796507364,"2006",209
0.558229876165424,"2006",210
0.541735357412597,"2006",211
0.526647494477635,"2006",212
0.512656731780804,"2006",213
0.498940934009524,"2006",214
0.484438834323802,"2006",215
0.467361859994051,"2006",216
0.447498940460845,"2006",217
0.424330666851616,"2006",218
0.395663977919942,"2006",219
0.359619576315186,"2006",220
0.31568922604051,"2006",221
0.264737923834169,"2006",222
0.210146919247737,"2006",223
0.157093136589206,"2006",224
0.109731958193127,"2006",225
0.0699354090286799,"2006",226
0.0381683757468872,"2006",227
0.0142216235662765,"2006",228
0,"2006",229
0,"2006",230
0,"2006",231
0,"2006",232
0,"2006",233
0,"2006",234
0,"2006",235
0,"2006",236
0,"2006",237
0,"2006",238
0,"2006",239
0,"2006",240
0,"2006",241
0,"2006",242
0,"2006",243
0,"2006",244
0,"2006",245
0,"2006",246
0,"2006",247
0,"2006",248
0,"2006",249
0,"2006",250
0,"2006",251
0,"2006",252
0,"2006",253
0,"2006",254
0,"2006",255
0,"2006",256
0,"2006",257
0,"2006",258
0,"2006",259
0,"2006",260
0,"2006",261
0,"2006",262
0,"2006",263
0,"2006",264
0,"2006",265
0,"2006",266
0,"2006",267
0,"2006",268
0.581639148129408,"2007",140
0.595048182289662,"2007",141
0.607736559710382,"2007",142
0.6193509527349,"2007",143
0.629795546341696,"2007",144
0.639058348292011,"2007",145
0.647054774102349,"2007",146
0.653794004323798,"2007",147
0.659896274203805,"2007",148
0.665144247166784,"2007",149
0.668163313145271,"2007",150
0.668693163193076,"2007",151
0.667788525396716,"2007",152
0.666698602606198,"2007",153
0.667630840918537,"2007",154
0.672310349706354,"2007",155
0.680772899823048,"2007",156
0.692929217061467,"2007",157
0.707406876615567,"2007",158
0.722382121642431,"2007",159
0.735728808654807,"2007",160
0.745283244801135,"2007",161
0.750524554591366,"2007",162
0.751992846224855,"2007",163
0.749704991409615,"2007",164
0.74378442398263,"2007",165
0.73611488660477,"2007",166
0.728907355216072,"2007",167
0.72407315005989,"2007",168
0.722198883402701,"2007",169
0.722487380472685,"2007",170
0.724995452242561,"2007",171
0.730310019663174,"2007",172
0.73783324938587,"2007",173
0.745753216587959,"2007",174
0.752697079253365,"2007",175
0.757512851332531,"2007",176
0.759241412243964,"2007",177
0.757722525002212,"2007",178
0.753069689005549,"2007",179
0.745229067841196,"2007",180
0.734625815591046,"2007",181
0.72267037828679,"2007",182
0.710121644055833,"2007",183
0.698362327999065,"2007",184
0.688871171328641,"2007",185
0.682583983388349,"2007",186
0.679830631217978,"2007",187
0.680040005890921,"2007",188
0.680738164212403,"2007",189
0.67927866431328,"2007",190
0.674273855461863,"2007",191
0.665530304198535,"2007",192
0.653482658471507,"2007",193
0.64005756495997,"2007",194
0.6270812069684,"2007",195
0.61566016413426,"2007",196
0.606819433397986,"2007",197
0.600366126768647,"2007",198
0.595051116747755,"2007",199
0.590011202699109,"2007",200
0.58444061006414,"2007",201
0.577074261022131,"2007",202
0.566869765660988,"2007",203
0.554250295333062,"2007",204
0.540975210703558,"2007",205
0.528004688220295,"2007",206
0.51477668043944,"2007",207
0.500843781452664,"2007",208
0.485455653376707,"2007",209
0.469100310165648,"2007",210
0.453850363956036,"2007",211
0.440706555653598,"2007",212
0.4292468400187,"2007",213
0.418468859706963,"2007",214
0.407232784254517,"2007",215
0.393795263782169,"2007",216
0.377989210104082,"2007",217
0.359294138848754,"2007",218
0.33542479601973,"2007",219
0.304384473979874,"2007",220
0.265643703297926,"2007",221
0.220060060578308,"2007",222
0.170977586485874,"2007",223
0.12348033538968,"2007",224
0.0816320253208588,"2007",225
0.0472305896186958,"2007",226
0.0206734425491392,"2007",227
0.00172189898426534,"2007",228
0,"2007",229
0,"2007",230
0,"2007",231
0,"2007",232
0,"2007",233
0,"2007",234
0.00187954884597433,"2007",235
0.00648898490357796,"2007",236
0.0103857082936521,"2007",237
0.0134639781792556,"2007",238
0.0154012403925591,"2007",239
0.016008193262021,"2007",240
0.0153430021481947,"2007",241
0.0137235868015274,"2007",242
0.0116365585210542,"2007",243
0.00941256715384369,"2007",244
0.0075312953094226,"2007",245
0.00630429312303891,"2007",246
0.00579909938312259,"2007",247
0.00587469258794892,"2007",248
0.0063269373638688,"2007",249
0.00727066697963319,"2007",250
0.00876525451074592,"2007",251
0.0106785925672384,"2007",252
0.0126644570627208,"2007",253
0.0142558616066438,"2007",254
0.0153295106827469,"2007",255
0.0160772833870204,"2007",256
0.0164872145406386,"2007",257
0.016327955232405,"2007",258
0.0156370901599109,"2007",259
0.0148448379172259,"2007",260
0.0146566332794004,"2007",261
0.0155627134682039,"2007",262
0.0177102483970848,"2007",263
0.0208805958312601,"2007",264
0.024569141737482,"2007",265
0.0284204884547265,"2007",266
0.0322801078857313,"2007",267
0.036117797419651,"2007",268
0.461197754243058,"2008",140
0.463381350105472,"2008",141
0.464763854725288,"2008",142
0.464814450895925,"2008",143
0.463374061726989,"2008",144
0.460497127990678,"2008",145
0.456323610659214,"2008",146
0.451083456563482,"2008",147
0.445620042312832,"2008",148
0.43985962996528,"2008",149
0.432406714854151,"2008",150
0.423089521763083,"2008",151
0.41307250893121,"2008",152
0.403545030534095,"2008",153
0.396640037736557,"2008",154
0.394088671023466,"2008",155
0.395930789229762,"2008",156
0.402150061322925,"2008",157
0.411522366340082,"2008",158
0.422330847476898,"2008",159
0.43248822345492,"2008",160
0.439855293407772,"2008",161
0.443799915933117,"2008",162
0.444796524089101,"2008",163
0.442892454805718,"2008",164
0.43819457569283,"2008",165
0.432516416812735,"2008",166
0.428079930431918,"2008",167
0.426934103666843,"2008",168
0.429805524707526,"2008",169
0.43600087448226,"2008",170
0.445623460125669,"2008",171
0.459251406224899,"2008",172
0.476161796043885,"2008",173
0.494312497267983,"2008",174
0.512162549210129,"2008",175
0.52839677205575,"2008",176
0.541750273207665,"2008",177
0.551938815236792,"2008",178
0.559232842317613,"2008",179
0.563731879576474,"2008",180
0.56584849058372,"2008",181
0.566936984113781,"2008",182
0.567706409089049,"2008",183
0.569440624880159,"2008",184
0.573565047014354,"2008",185
0.581017675986146,"2008",186
0.592183428055495,"2008",187
0.606561803014429,"2008",188
0.621678701226839,"2008",189
0.634999778324903,"2008",190
0.645230637136353,"2008",191
0.65238002725275,"2008",192
0.657042242715298,"2008",193
0.661226846444009,"2008",194
0.666646470935069,"2008",195
0.674232382163099,"2008",196
0.68481847416188,"2008",197
0.698052065224949,"2008",198
0.712322014202894,"2008",199
0.726175983398953,"2008",200
0.73824083813424,"2008",201
0.746905051078212,"2008",202
0.750923472245527,"2008",203
0.750516523797636,"2008",204
0.747367247398671,"2008",205
0.742674198959721,"2008",206
0.736248674297704,"2008",207
0.728027234913786,"2008",208
0.717692337803036,"2008",209
0.705954406782565,"2008",210
0.69503210524618,"2008",211
0.686066134406373,"2008",212
0.678621454875461,"2008",213
0.671591748027434,"2008",214
0.663609011629209,"2008",215
0.652682330810284,"2008",216
0.638345089111187,"2008",217
0.61969401069226,"2008",218
0.594129081850962,"2008",219
0.559504909972074,"2008",220
0.515142595182043,"2008",221
0.461700391842018,"2008",222
0.402575947654312,"2008",223
0.343190061863361,"2008",224
0.288084449679754,"2008",225
0.239468962940803,"2008",226
0.198159525336608,"2008",227
0.164265678352323,"2008",228
0.137643771247937,"2008",229
0.117668239934851,"2008",230
0.103318729250645,"2008",231
0.0933168068089615,"2008",232
0.0861740396875194,"2008",233
0.0802980937013395,"2008",234
0.0745872439052914,"2008",235
0.0688403447265434,"2008",236
0.0628874266477563,"2008",237
0.0567335781038528,"2008",238
0.0501665300401604,"2008",239
0.0430645955433174,"2008",240
0.0355152459134835,"2008",241
0.0278331522425512,"2008",242
0.0204762452472832,"2008",243
0.0137315023516577,"2008",244
0.0080200308824549,"2008",245
0.00358920660853348,"2008",246
0.000441667591881136,"2008",247
0,"2008",248
0,"2008",249
0,"2008",250
0,"2008",251
0,"2008",252
0,"2008",253
0.00103585955003987,"2008",254
0.00189697474458549,"2008",255
0.00254020682989031,"2008",256
0.00292399342210656,"2008",257
0.00279511171149058,"2008",258
0.00216919039560861,"2008",259
0.00145243522664952,"2008",260
0.00132612852816856,"2008",261
0.00226398783958885,"2008",262
0.00440620254481953,"2008",263
0.00753663992911862,"2008",264
0.0111606831812803,"2008",265
0.0149325584790698,"2008",266
0.0187049961548969,"2008",267
0.0224526558614616,"2008",268
0.666180602642679,"2009",140
0.634588497487749,"2009",141
0.602212405833391,"2009",142
0.568670785295146,"2009",143
0.534023403081244,"2009",144
0.498606350662028,"2009",145
0.462917644342144,"2009",146
0.427646910232851,"2009",147
0.394058166155815,"2009",148
0.362387814588875,"2009",149
0.331547197803448,"2009",150
0.301526069248377,"2009",151
0.273566517789202,"2009",152
0.249056336313193,"2009",153
0.230269455199525,"2009",154
0.218946784885936,"2009",155
0.215190958309526,"2009",156
0.21899421693582,"2009",157
0.229021601639325,"2009",158
0.243375046635877,"2009",159
0.259721578256489,"2009",160
0.275568264117974,"2009",161
0.290066239051403,"2009",162
0.303530541853742,"2009",163
0.315783026315073,"2009",164
0.326712565687123,"2009",165
0.338013773011853,"2009",166
0.351803699653284,"2009",167
0.369832341836291,"2009",168
0.392398213893722,"2009",169
0.418248341245441,"2009",170
0.446857865056898,"2009",171
0.47826453450485,"2009",172
0.51141710712891,"2009",173
0.54415716447632,"2009",174
0.574877432128656,"2009",175
0.602254371183885,"2009",176
0.625029389077077,"2009",177
0.64290435722999,"2009",178
0.656058330476415,"2009",179
0.664464809862697,"2009",180
0.668541992902633,"2009",181
0.669682289482617,"2009",182
0.668665844455762,"2009",183
0.666921723075056,"2009",184
0.666071622240068,"2009",185
0.667325104278364,"2009",186
0.671394020098414,"2009",187
0.678054970913567,"2009",188
0.685001331191837,"2009",189
0.689816485418277,"2009",190
0.691349670419575,"2009",191
0.689658630184524,"2009",192
0.685404994694861,"2009",193
0.680710161294036,"2009",194
0.677418459815401,"2009",195
0.676625093177075,"2009",196
0.679353708948508,"2009",197
0.685306401408344,"2009",198
0.6928236047509,"2009",199
0.700352458391282,"2009",200
0.70655806501436,"2009",201
0.709849704624186,"2009",202
0.708930290864297,"2009",203
0.704012677341356,"2009",204
0.696756518311645,"2009",205
0.688316354903009,"2009",206
0.678358055408926,"2009",207
0.666627025261025,"2009",208
0.652553270180317,"2009",209
0.636667138477756,"2009",210
0.620958500713898,"2009",211
0.606462093015052,"2009",212
0.592960794877663,"2009",213
0.579736567719716,"2009",214
0.565770762823086,"2009",215
0.549228721775757,"2009",216
0.529800493356443,"2009",217
0.506819298099733,"2009",218
0.477952541178326,"2009",219
0.441248293314234,"2009",220
0.396105035897391,"2009",221
0.34322797679891,"2009",222
0.285921184440272,"2009",223
0.229435132934525,"2009",224
0.178084910839212,"2009",225
0.133887610383583,"2009",226
0.0974566898437925,"2009",227
0.0687072713412637,"2009",228
0.0472840736058341,"2009",229
0.03239998713624,"2009",230
0.0229406011612853,"2009",231
0.0175970655733218,"2009",232
0.0149105073296551,"2009",233
0.0133675344842873,"2009",234
0.0119415193530227,"2009",235
0.010435205587676,"2009",236
0.00867947453447526,"2009",237
0.00663845833029567,"2009",238
0.00407106036899507,"2009",239
0.000828696418120251,"2009",240
0,"2009",241
0,"2009",242
0,"2009",243
0,"2009",244
0,"2009",245
0,"2009",246
0,"2009",247
0,"2009",248
0,"2009",249
0,"2009",250
0,"2009",251
0,"2009",252
0,"2009",253
0,"2009",254
0,"2009",255
0,"2009",256
0,"2009",257
0,"2009",258
0,"2009",259
0,"2009",260
0,"2009",261
0,"2009",262
0,"2009",263
0,"2009",264
0,"2009",265
0,"2009",266
0,"2009",267
0,"2009",268
0.1198143914431,"2010",140
0.156528190694053,"2010",141
0.192465161108753,"2010",142
0.227230790787717,"2010",143
0.260655493761973,"2010",144
0.292698732014106,"2010",145
0.323302788753097,"2010",146
0.352417894120371,"2010",147
0.380567764290256,"2010",148
0.407500310608835,"2010",149
0.431817977075189,"2010",150
0.453273143060622,"2010",151
0.472891350782387,"2010",152
0.491702808076447,"2010",153
0.511625593573118,"2010",154
0.534137532502095,"2010",155
0.559115555211418,"2010",156
0.586400667571557,"2010",157
0.61463925907649,"2010",158
0.642152562591727,"2010",159
0.666971043096977,"2010",160
0.686990264532908,"2010",161
0.701653155268759,"2010",162
0.71156639360563,"2010",163
0.716926570858745,"2010",164
0.718013053229486,"2010",165
0.716801741636199,"2010",166
0.715603817102903,"2010",167
0.716414994820969,"2010",168
0.719912711910348,"2010",169
0.725468780938672,"2010",170
0.733326995077878,"2010",171
0.744225741696559,"2010",172
0.757661788040929,"2010",173
0.771732272608326,"2010",174
0.7849921901028,"2010",175
0.796215927627109,"2010",176
0.804342311268601,"2010",177
0.80921766179264,"2010",178
0.811165370621193,"2010",179
0.810351294837663,"2010",180
0.807287938689786,"2010",181
0.803426767850287,"2010",182
0.79955774131978,"2010",183
0.797002122791642,"2010",184
0.79709687353251,"2010",185
0.800589625159296,"2010",186
0.807629083435332,"2010",187
0.817411026216654,"2010",188
0.827231340196936,"2010",189
0.834408055579718,"2010",190
0.837586501433524,"2010",191
0.836603300816205,"2010",192
0.831833355951865,"2010",193
0.825095169888333,"2010",194
0.818226457711523,"2010",195
0.812422084965751,"2010",196
0.808683356129287,"2010",197
0.806796940445723,"2010",198
0.805493148083073,"2010",199
0.803793161613709,"2010",200
0.800808530638651,"2010",201
0.795181775236759,"2010",202
0.78574544716101,"2010",203
0.772869054174146,"2010",204
0.758339361658351,"2010",205
0.743254035794064,"2010",206
0.727252489962524,"2010",207
0.710029907321601,"2010",208
0.690934304168761,"2010",209
0.670485004493686,"2010",210
0.650745293899697,"2010",211
0.632750368286387,"2010",212
0.616007877760481,"2010",213
0.599445196128317,"2010",214
0.581938481764059,"2010",215
0.561818408426182,"2010",216
0.539001036330945,"2010",217
0.512956007152875,"2010",218
0.481290716639476,"2010",219
0.442021493499323,"2010",220
0.39475868679475,"2010",221
0.340384022450312,"2010",222
0.282298466758707,"2010",223
0.225756979294772,"2010",224
0.175051304658469,"2010",225
0.132160515762828,"2010",226
0.0976220612923007,"2010",227
0.0713197778051491,"2010",228
0.0528269609154397,"2010",229
0.0412684782164524,"2010",230
0.0354376612386025,"2010",231
0.0339267263331997,"2010",232
0.0351685076132383,"2010",233
0.0375473048202609,"2010",234
0.0399955128970484,"2010",235
0.0422898261515959,"2010",236
0.0442033253406016,"2010",237
0.0455605830955257,"2010",238
0.0459581214571,"2010",239
0.0451468894652825,"2010",240
0.0431567249873386,"2010",241
0.0403097124152814,"2010",242
0.0371210330299239,"2010",243
0.0339479607189579,"2010",244
0.031313920210453,"2010",245
0.0295647671450275,"2010",246
0.0287844044845439,"2010",247
0.0288306493100014,"2010",248
0.0294900021268616,"2010",249
0.0308870614782038,"2010",250
0.0330826372160572,"2010",251
0.0359282826925889,"2010",252
0.0390431203969673,"2010",253
0.0419155819539973,"2010",254
0.044403401597417,"2010",255
0.0467041252164442,"2010",256
0.0487986180273067,"2010",257
0.0504343568138262,"2010",258
0.0516488898982949,"2010",259
0.0529013003906053,"2010",260
0.0549442706634786,"2010",261
0.0582957432845006,"2010",262
0.0631002825227596,"2010",263
0.0691044900358346,"2010",264
0.0757439351423114,"2010",265
0.0826125916130378,"2010",266
0.0895213411982135,"2010",267
0.0964191248227742,"2010",268
0.097441650812952,"2011",140
0.112931423831151,"2011",141
0.127635712038579,"2011",142
0.141189171747874,"2011",143
0.153528560318329,"2011",144
0.164787597021505,"2011",145
0.175139124446997,"2011",146
0.184793933828224,"2011",147
0.19449678825242,"2011",148
0.204085359337871,"2011",149
0.212152904067058,"2011",150
0.218356858240464,"2011",151
0.223648248962154,"2011",152
0.229142817682032,"2011",153
0.236928184444333,"2011",154
0.248633099492648,"2011",155
0.264265385332928,"2011",156
0.283750758275599,"2011",157
0.305783253620353,"2011",158
0.328668458179892,"2011",159
0.35038426746197,"2011",160
0.368732400543872,"2011",161
0.383094166392622,"2011",162
0.394044304986925,"2011",163
0.40172206097199,"2011",164
0.406337167204662,"2011",165
0.409843331548162,"2011",166
0.4145466409164,"2011",167
0.422349156761632,"2011",168
0.433771258038102,"2011",169
0.447917596243743,"2011",170
0.464740872789902,"2011",171
0.484778082875679,"2011",172
0.507387727259277,"2011",173
0.530594146114043,"2011",174
0.552878995973478,"2011",175
0.57299075562738,"2011",176
0.589791345897702,"2011",177
0.603092878972788,"2011",178
0.613242559318337,"2011",179
0.620372004977052,"2011",180
0.624963944463749,"2011",181
0.628466084968324,"2011",182
0.631620369286686,"2011",183
0.635679299748463,"2011",184
0.64194200771151,"2011",185
0.651176810480046,"2011",186
0.663639510881937,"2011",187
0.678582452240648,"2011",188
0.693234922245861,"2011",189
0.704821348825901,"2011",190
0.711947284996902,"2011",191
0.714481300763295,"2011",192
0.712866052359969,"2011",193
0.708987896845181,"2011",194
0.704663695788796,"2011",195
0.701079528208262,"2011",196
0.699305297019745,"2011",197
0.699178302946976,"2011",198
0.699362500905898,"2011",199
0.698692911221442,"2011",200
0.696196635204341,"2011",201
0.690528976546599,"2011",202
0.680612673010746,"2011",203
0.666938361371675,"2011",204
0.651421177657403,"2011",205
0.635389955177495,"2011",206
0.618660521682486,"2011",207
0.601022408850436,"2011",208
0.581872759086267,"2011",209
0.561735048782477,"2011",210
0.542621304820915,"2011",211
0.525573758435409,"2011",212
0.510235095351065,"2011",213
0.495714126083452,"2011",214
0.480984081231896,"2011",215
0.464336409853707,"2011",216
0.445606913576382,"2011",217
0.424215533584412,"2011",218
0.397771220991091,"2011",219
0.364244180080171,"2011",220
0.323090666948174,"2011",221
0.274973083908738,"2011",222
0.223032328703211,"2011",223
0.172328437954902,"2011",224
0.127026231824599,"2011",225
0.0890246676568443,"2011",226
0.0588169182428209,"2011",227
0.0362421996966353,"2011",228
0.0208575979075474,"2011",229
0.0118003290687283,"2011",230
0.00790011200375433,"2011",231
0.00780765695551962,"2011",232
0.0100349337976888,"2011",233
0.0130556128238669,"2011",234
0.0158656484876342,"2011",235
0.0182852839494096,"2011",236
0.0201441491502552,"2011",237
0.0213498151971669,"2011",238
0.0215927034545699,"2011",239
0.020689181135248,"2011",240
0.0186967812528498,"2011",241
0.0159276190568915,"2011",242
0.0128585818412779,"2011",243
0.00980830798129447,"2011",244
0.00724242398894355,"2011",245
0.00545777303537508,"2011",246
0.00450731549079474,"2011",247
0.00423600763886049,"2011",248
0.00442633441843052,"2011",249
0.00517989466806209,"2011",250
0.00654392882678049,"2011",251
0.00837569189134376,"2011",252
0.010319909263264,"2011",253
0.0119019307387316,"2011",254
0.0129911927120657,"2011",255
0.0137727015814334,"2011",256
0.0142290113042157,"2011",257
0.0141246550266407,"2011",258
0.0134934123540655,"2011",259
0.0127617157112503,"2011",260
0.0126314441068049,"2011",261
0.0135904802551914,"2011",262
0.0157850503480035,"2011",263
0.0189969333276557,"2011",264
0.0227229999090909,"2011",265
0.0266093381626857,"2011",266
0.0305026041479591,"2011",267
0.0343734294450892,"2011",268
0.0848268942835168,"2012",140
0.106281861464852,"2012",141
0.126975539543529,"2012",142
0.146525254464779,"2012",143
0.164828223815159,"2012",144
0.181932605885926,"2012",145
0.197850259400954,"2012",146
0.212605243261791,"2012",147
0.226754320231551,"2012",148
0.239939456520097,"2012",149
0.250536407975178,"2012",150
0.257964953099857,"2012",151
0.263016663573189,"2012",152
0.266802477618363,"2012",153
0.27154402806564,"2012",154
0.27904188463402,"2012",155
0.289404891847773,"2012",156
0.302618301920145,"2012",157
0.317442952372667,"2012",158
0.33224249136424,"2012",159
0.345100360203469,"2012",160
0.354003014425164,"2012",161
0.358530323131818,"2012",162
0.359397945255663,"2012",163
0.356833280446184,"2012",164
0.351121273130398,"2012",165
0.3442781779868,"2012",166
0.338631350356088,"2012",167
0.336128347914893,"2012",168
0.337378761512332,"2012",169
0.341578020253744,"2012",170
0.348808907776969,"2012",171
0.359770281111033,"2012",172
0.373936193066305,"2012",173
0.389439759983605,"2012",174
0.404815909132179,"2012",175
0.418856044151098,"2012",176
0.430476599966118,"2012",177
0.439503436006375,"2012",178
0.446251906251862,"2012",179
0.450797850410202,"2012",180
0.453569808732486,"2012",181
0.455990917529586,"2012",182
0.458736484201465,"2012",183
0.462962922728337,"2012",184
0.469860101682155,"2012",185
0.480072990536041,"2012",186
0.493742273133091,"2012",187
0.510023697048894,"2012",188
0.526064565266001,"2012",189
0.53893693052735,"2012",190
0.547101815697395,"2012",191
0.550353841932562,"2012",192
0.549120618103735,"2012",193
0.545287264876115,"2012",194
0.54062575087019,"2012",195
0.536255923550345,"2012",196
0.533249660681476,"2012",197
0.531515503504341,"2012",198
0.529825789953099,"2012",199
0.52715635795981,"2012",200
0.522638980257274,"2012",201
0.515045804935237,"2012",202
0.503472291189942,"2012",203
0.48856299233863,"2012",204
0.472340451925929,"2012",205
0.456200525488717,"2012",206
0.440004012177615,"2012",207
0.423575290560519,"2012",208
0.406346471987037,"2012",209
0.388882553860674,"2012",210
0.373278242096934,"2012",211
0.360616970757098,"2012",212
0.350535589904805,"2012",213
0.342082598345906,"2012",214
0.334161298225758,"2012",215
0.325011148234718,"2012",216
0.314387668259139,"2012",217
0.301646481137829,"2012",218
0.284337007244639,"2012",219
0.260288609265028,"2012",220
0.228779979792442,"2012",221
0.19031694659754,"2012",222
0.147863678887442,"2012",223
0.106288017286115,"2012",224
0.0695942435411447,"2012",225
0.0395688032910597,"2012",226
0.0166326792206593,"2012",227
0.000576472445634902,"2012",228
0,"2012",229
0,"2012",230
0,"2012",231
0,"2012",232
0,"2012",233
0.00119941080892657,"2012",234
0.00589310960291589,"2012",235
0.00976637112785913,"2012",236
0.0127101219638352,"2012",237
0.0146995951120673,"2012",238
0.0154951502870841,"2012",239
0.0149707865962444,"2012",240
0.013225429196091,"2012",241
0.0105960499346121,"2012",242
0.00757116898672865,"2012",243
0.00447825868017188,"2012",244
0.00178186935748887,"2012",245
0,"2012",246
0,"2012",247
0,"2012",248
0,"2012",249
0,"2012",250
0,"2012",251
0,"2012",252
0.00109909935944955,"2012",253
0.00197075010706257,"2012",254
0.00232693969792004,"2012",255
0.00234842045754683,"2012",256
0.00201812645463364,"2012",257
0.00110618103795735,"2012",258
0,"2012",259
0,"2012",260
0,"2012",261
0,"2012",262
0,"2012",263
0.000145133986912516,"2012",264
0.00269604290851431,"2012",265
0.0053843372141817,"2012",266
0.00806873549192956,"2012",267
0.0107270142426402,"2012",268
0.059514170305939,"2013",140
0.094385329805768,"2013",141
0.128575598962558,"2013",142
0.161756313124111,"2013",143
0.193809662517009,"2013",144
0.224627059691051,"2013",145
0.25390001986601,"2013",146
0.281288118897044,"2013",147
0.306978234509216,"2013",148
0.330258479740476,"2013",149
0.349143618016387,"2013",150
0.362640478018255,"2013",151
0.371228725117291,"2013",152
0.375985184897231,"2013",153
0.379347223547302,"2013",154
0.383385603677656,"2013",155
0.388338170512964,"2013",156
0.394237247224336,"2013",157
0.39991093062669,"2013",158
0.403799880009417,"2013",159
0.404165905713637,"2013",160
0.399326104099839,"2013",161
0.389223085524127,"2013",162
0.374831999885003,"2013",163
0.356518796594575,"2013",164
0.334704455933824,"2013",165
0.311548339760015,"2013",166
0.289448756856378,"2013",167
0.270448156717868,"2013",168
0.255298885829818,"2013",169
0.243341622041582,"2013",170
0.234850416041341,"2013",171
0.230729822337458,"2013",172
0.230609764033399,"2013",173
0.232785314728267,"2013",174
0.235848539360381,"2013",175
0.238590899966807,"2013",176
0.239939002666412,"2013",177
0.239660731831743,"2013",178
0.237920428006369,"2013",179
0.234600540420782,"2013",180
0.230002787744418,"2013",181
0.225534977292033,"2013",182
0.221833754914892,"2013",183
0.220017140279156,"2013",184
0.221238131200114,"2013",185
0.226071219155335,"2013",186
0.234598703232672,"2013",187
0.245945327060695,"2013",188
0.257249439273684,"2013",189
0.265444821659836,"2013",190
0.268870818600089,"2013",191
0.267265042427076,"2013",192
0.261105679718846,"2013",193
0.252358744933133,"2013",194
0.242839682218845,"2013",195
0.233631296912277,"2013",196
0.225830026805746,"2013",197
0.219428832483969,"2013",198
0.213347632672237,"2013",199
0.206821706548339,"2013",200
0.199157789296319,"2013",201
0.189252501033362,"2013",202
0.176372535651995,"2013",203
0.161273354286409,"2013",204
0.146008389227425,"2013",205
0.131908303268644,"2013",206
0.118719423225685,"2013",207
0.106185495390411,"2013",208
0.0937160794262063,"2013",209
0.0819217371745746,"2013",210
0.0730073363008896,"2013",211
0.0680964593517146,"2013",212
0.0668381309062559,"2013",213
0.0682357442633497,"2013",214
0.0711457974679159,"2013",215
0.0737842369385813,"2013",216
0.0758440226001157,"2013",217
0.0766523323434051,"2013",218
0.0737343649713285,"2013",219
0.0647614568921736,"2013",220
0.0488077593768264,"2013",221
0.0262495475108728,"2013",222
0,"2013",223
0,"2013",224
0,"2013",225
0,"2013",226
0,"2013",227
0,"2013",228
0,"2013",229
0,"2013",230
0,"2013",231
0,"2013",232
0,"2013",233
0,"2013",234
0,"2013",235
0,"2013",236
0.00433910437327426,"2013",237
0.0094930609139609,"2013",238
0.012878012809934,"2013",239
0.0144300395336878,"2013",240
0.0143078547675659,"2013",241
0.01290436012673,"2013",242
0.0107596971402984,"2013",243
0.0082500827173469,"2013",244
0.005883617632248,"2013",245
0.00399697661734078,"2013",246
0.00268439641468189,"2013",247
0.00183356719107448,"2013",248
0.00126707458043634,"2013",249
0.00111143544254664,"2013",250
0.00143714900315734,"2013",251
0.00212808302308111,"2013",252
0.00285973610889754,"2013",253
0.0031889672614689,"2013",254
0.00300112915972945,"2013",255
0.00248252874176139,"2013",256
0.00162067204756363,"2013",257
0.000189688622974766,"2013",258
0,"2013",259
0,"2013",260
0,"2013",261
0,"2013",262
0,"2013",263
0,"2013",264
0,"2013",265
0.000490265991370822,"2013",266
0.00267574811916561,"2013",267
0.00483544212519796,"2013",268
0.165954551120123,"2015",140
0.187339857785143,"2015",141
0.207922066583296,"2015",142
0.227236356787402,"2015",143
0.24511599404846,"2015",144
0.261593600723733,"2015",145
0.27676632768043,"2015",146
0.29076975794652,"2015",147
0.304307885731038,"2015",148
0.317229908857636,"2015",149
0.328140967653771,"2015",150
0.336813134110512,"2015",151
0.344310961281472,"2015",152
0.351707374170084,"2015",153
0.360973814136587,"2015",154
0.373659327474085,"2015",155
0.389702510685444,"2015",156
0.409021704688956,"2015",157
0.43034953963656,"2015",158
0.452034838272259,"2015",159
0.472088793975617,"2015",160
0.488377538358338,"2015",161
0.500282068014365,"2015",162
0.508355807321694,"2015",163
0.512763192621898,"2015",164
0.513738000826245,"2015",165
0.513205362860775,"2015",166
0.513453371374322,"2015",167
0.516480933602801,"2015",168
0.522954232348855,"2015",169
0.532179836525362,"2015",170
0.54430201646496,"2015",171
0.559974092868005,"2015",172
0.578583867691198,"2015",173
0.59812754308615,"2015",174
0.617086653723316,"2015",175
0.634187153899199,"2015",176
0.648261349863711,"2015",177
0.659109868192235,"2015",178
0.667096170457091,"2015",179
0.672410513036007,"2015",180
0.675542353717293,"2015",181
0.677914620549559,"2015",182
0.680280536083888,"2015",183
0.683908705418754,"2015",184
0.690120665963279,"2015",185
0.699690811828416,"2015",186
0.71283523851203,"2015",187
0.728819421277894,"2015",188
0.744942866099069,"2015",189
0.758525756263201,"2015",190
0.76821128187924,"2015",191
0.773900857200891,"2015",192
0.776037397794275,"2015",193
0.776493016031596,"2015",194
0.777037876783551,"2015",195
0.778780594521483,"2015",196
0.782679780545626,"2015",197
0.788486604403535,"2015",198
0.794784478176122,"2015",199
0.800332337283413,"2015",200
0.804013524319912,"2015",201
0.804363283379799,"2015",202
0.800191768000496,"2015",203
0.791840667052484,"2015",204
0.781104906466831,"2015",205
0.76922502157452,"2015",206
0.756005915985346,"2015",207
0.74129383514675,"2015",208
0.724601940066158,"2015",209
0.706531134485475,"2015",210
0.689181857594589,"2015",211
0.673635597091175,"2015",212
0.659444251861977,"2015",213
0.645554398395117,"2015",214
0.630771814657926,"2015",215
0.613301990826827,"2015",216
0.592901610602778,"2015",217
0.568877155204311,"2015",218
0.538733880695263,"2015",219
0.500421745781432,"2015",220
0.453425810366043,"2015",221
0.398476448171876,"2015",222
0.338905247052784,"2015",223
0.28002285783613,"2015",224
0.226251661386702,"2015",225
0.179698071777646,"2015",226
0.141043806408307,"2015",227
0.110280850483758,"2015",228
0.0871135435134594,"2015",229
0.0707845571165239,"2015",230
0.0601794434391218,"2015",231
0.0539606214192962,"2015",232
0.0506126645804239,"2015",233
0.048548590034868,"2015",234
0.046693526700756,"2015",235
0.0448317787503371,"2015",236
0.042762616120759,"2015",237
0.040398225163991,"2015",238
0.0374314968020233,"2015",239
0.0336731856485924,"2015",240
0.0291708140259762,"2015",241
0.0242242252948141,"2015",242
0.0192963695786238,"2015",243
0.0146880437203784,"2015",244
0.0108471527669091,"2015",245
0.00805024363248009,"2015",246
0.00632709302324089,"2015",247
0.00549736805954821,"2015",248
0.00531805169611077,"2015",249
0.00586935059648131,"2015",250
0.00717760317971912,"2015",251
0.00907849895914631,"2015",252
0.0111945630723852,"2015",253
0.0130295391322405,"2015",254
0.0144368992751949,"2015",255
0.0155911214379284,"2015",256
0.0164642204448703,"2015",257
0.0168098926320323,"2015",258
0.0166556637249721,"2015",259
0.0164272593966268,"2015",260
0.0168297497500968,"2015",261
0.0183525401965708,"2015",262
0.0211400128777888,"2015",263
0.024968300537894,"2015",264
0.0293256527522403,"2015",265
0.0338512562171202,"2015",266
0.03838736456172,"2015",267
0.0429021771508111,"2015",268
0,"2016",140
0,"2016",141
0,"2016",142
0,"2016",143
0.0115548004744586,"2016",144
0.030216374395454,"2016",145
0.0476378506562036,"2016",146
0.0638375249066617,"2016",147
0.0793414418838675,"2016",148
0.0937372229625832,"2016",149
0.105270905922552,"2016",150
0.113220653331716,"2016",151
0.118262131525389,"2016",152
0.121435794469357,"2016",153
0.124962664195732,"2016",154
0.130680472041317,"2016",155
0.138719204975557,"2016",156
0.14910518475489,"2016",157
0.160680422024014,"2016",158
0.171903034107869,"2016",159
0.180966254915772,"2016",160
0.18597403598541,"2016",161
0.186578157695575,"2016",162
0.183580710551794,"2016",163
0.177303938199264,"2016",164
0.168104528175716,"2016",165
0.158051044480009,"2016",166
0.149522202351875,"2016",167
0.144532115886602,"2016",168
0.143760650493376,"2016",169
0.146461429710597,"2016",170
0.152779495006421,"2016",171
0.163506143355694,"2016",172
0.178162046775563,"2016",173
0.194860464550001,"2016",174
0.212097988298163,"2016",175
0.228622088222892,"2016",176
0.243252098566824,"2016",177
0.255770788413315,"2016",178
0.266549629249947,"2016",179
0.275692455366945,"2016",180
0.283599602530505,"2016",181
0.291688230824577,"2016",182
0.300599524719727,"2016",183
0.311404448697461,"2016",184
0.325193838223677,"2016",185
0.342514058076984,"2016",186
0.363451461643758,"2016",187
0.387089583170352,"2016",188
0.410456621612787,"2016",189
0.430523770158989,"2016",190
0.445690559090541,"2016",191
0.455764153873708,"2016",192
0.461197388806634,"2016",193
0.46388673264823,"2016",194
0.465560015566013,"2016",195
0.46730068734697,"2016",196
0.470171098100814,"2016",197
0.474095208505098,"2016",198
0.477795409821933,"2016",199
0.480116785387255,"2016",200
0.480076503315138,"2016",201
0.476390674503513,"2016",202
0.468162613876382,"2016",203
0.456047954790612,"2016",204
0.442108301979599,"2016",205
0.427887301910833,"2016",206
0.413394302828464,"2016",207
0.398563166516686,"2016",208
0.382952656220421,"2016",209
0.367217477825956,"2016",210
0.353523117873616,"2016",211
0.343026729558289,"2016",212
0.335396513270287,"2016",213
0.32968894923803,"2016",214
0.324784189686363,"2016",215
0.318869053923579,"2016",216
0.311599872159748,"2016",217
0.302210820465035,"2016",218
0.288140844040686,"2016",219
0.267129125097391,"2016",220
0.238339006140042,"2016",221
0.202111410883487,"2016",222
0.161286800812051,"2016",223
0.120701384233504,"2016",224
0.084397502937712,"2016",225
0.0542136714045118,"2016",226
0.0306431793854536,"2016",227
0.0135311141154873,"2016",228
0.00248948126328566,"2016",229
0,"2016",230
0,"2016",231
0,"2016",232
0,"2016",233
0.00289653185008014,"2016",234
0.00539154361090255,"2016",235
0.00705357873092852,"2016",236
0.00780700478604748,"2016",237
0.00770011908926891,"2016",238
0.00657294653120537,"2016",239
0.00435210138083253,"2016",240
0.00115704875595808,"2016",241
0,"2016",242
0,"2016",243
0,"2016",244
0,"2016",245
0,"2016",246
0,"2016",247
0,"2016",248
0,"2016",249
0,"2016",250
0,"2016",251
0,"2016",252
0,"2016",253
0,"2016",254
0,"2016",255
0,"2016",256
0,"2016",257
0,"2016",258
0,"2016",259
0,"2016",260
0,"2016",261
0,"2016",262
0,"2016",263
0,"2016",264
0,"2016",265
0,"2016",266
0,"2016",267
0,"2016",268
0.0329014031123742,"2017",140
0.0516601761550003,"2017",141
0.0697323602958611,"2017",142
0.0868219022249626,"2017",143
0.102902797717993,"2017",144
0.118012630256498,"2017",145
0.132051079677731,"2017",146
0.144911175218243,"2017",147
0.156987298401304,"2017",148
0.167691305895527,"2017",149
0.17509454313332,"2017",150
0.178216580814094,"2017",151
0.177531922005138,"2017",152
0.174163771146966,"2017",153
0.170635033547391,"2017",154
0.169084488439744,"2017",155
0.169806851064255,"2017",156
0.172861573537658,"2017",157
0.17708373003735,"2017",158
0.180886788260828,"2017",159
0.1824612966364,"2017",160
0.180008058767956,"2017",161
0.173361853666031,"2017",162
0.163433888670697,"2017",163
0.150518777758031,"2017",164
0.134955766151373,"2017",165
0.118863003029412,"2017",166
0.104626227038964,"2017",167
0.0942253382875367,"2017",168
0.088299658260981,"2017",169
0.0860007363443352,"2017",170
0.0873618426706432,"2017",171
0.0930660511153933,"2017",172
0.102569832684981,"2017",173
0.114037910993815,"2017",174
0.125952332419096,"2017",175
0.137014589494215,"2017",176
0.14601243205334,"2017",177
0.152644491861799,"2017",178
0.157096797896676,"2017",179
0.159243027958815,"2017",180
0.159381954773068,"2017",181
0.158943116567614,"2017",182
0.158590333211559,"2017",183
0.159476448522846,"2017",184
0.162824019583832,"2017",185
0.169323498526066,"2017",186
0.179227566124197,"2017",187
0.191808675370788,"2017",188
0.204273876409525,"2017",189
0.213637167994094,"2017",190
0.218333827740079,"2017",191
0.218201755774114,"2017",192
0.213817278391583,"2017",193
0.207221741348118,"2017",194
0.200245655353501,"2017",195
0.193967266561697,"2017",196
0.189483719596576,"2017",197
0.186747325761377,"2017",198
0.184523525905026,"2017",199
0.181799693483051,"2017",200
0.17771338507691,"2017",201
0.171061943856922,"2017",202
0.161039486566133,"2017",203
0.148348001185927,"2017",204
0.135016539167195,"2017",205
0.122460773862812,"2017",206
0.110509357012273,"2017",207
0.0989706152860236,"2017",208
0.0873163310762807,"2017",209
0.0761779431026999,"2017",210
0.0677316438409404,"2017",211
0.0631217535797657,"2017",212
0.0621077680758702,"2017",213
0.0638426671742976,"2017",214
0.0672689162138633,"2017",215
0.0705863943644642,"2017",216
0.0734439675597615,"2017",217
0.0751317407707623,"2017",218
0.0731664459984666,"2017",219
0.0652113542678391,"2017",220
0.050277161341317,"2017",221
0.0286482636452386,"2017",222
0.00302969695596841,"2017",223
0,"2017",224
0,"2017",225
0,"2017",226
0,"2017",227
0,"2017",228
0,"2017",229
0,"2017",230
0,"2017",231
0,"2017",232
0,"2017",233
0,"2017",234
0,"2017",235
0,"2017",236
0.00369373784574827,"2017",237
0.00817009976433782,"2017",238
0.0109181975092245,"2017",239
0.0118939778057456,"2017",240
0.0112656296464634,"2017",241
0.00942556618187691,"2017",242
0.00690582769874518,"2017",243
0.00407316468945123,"2017",244
0.00142117969701417,"2017",245
0,"2017",246
0,"2017",247
0,"2017",248
0,"2017",249
0,"2017",250
0,"2017",251
0,"2017",252
0,"2017",253
0,"2017",254
0,"2017",255
0,"2017",256
0,"2017",257
0,"2017",258
0,"2017",259
0,"2017",260
0,"2017",261
0,"2017",262
0,"2017",263
0,"2017",264
0,"2017",265
0,"2017",266
0,"2017",267
0,"2017",268
